id,eg_source,eg_title,eg_link
1,world health organization,Triple Billion Dashboard,https://portal.who.int/triplebillions/
2,world health organization,Triple Billion Dashboard,https://portal.who.int/triplebillions/
3,world health organization,WHO Coronavirus (COVID-19) Dashboard,https://covid19.who.int/
4,world health organization,WHO Coronavirus (COVID-19) Dashboard,https://covid19.who.int/
5,world health organization,WHO Coronavirus (COVID-19) Dashboard,https://covid19.who.int/
6,world health organization,WHO Coronavirus (COVID-19) Dashboard,https://covid19.who.int/
7,world health organization,WHO Coronavirus (COVID-19) Dashboard,https://covid19.who.int/
8,world health organization,WHO Coronavirus (COVID-19) Dashboard,https://covid19.who.int/
9,world health organization,WHO updates COVID-19 dashboard with better data visualization,https://www.who.int/news-room/feature-stories/detail/who-updates-covid-19-dashboard-with-better-data-visualization/
10,world health organization,One year since the emergence of COVID-19 virus variant Omicron,https://www.who.int/news-room/feature-stories/detail/one-year-since-the-emergence-of-omicron/
11,US department of the treasury,The Economic Security of American Households: Issue Brief 4,https://home.treasury.gov/system/files/226/The-Economic-Security-of-American-Households-the-Safety-Net.pdf/
12,US department of the treasury,The Economic Security of American Households: Issue Brief 4,https://home.treasury.gov/system/files/226/The-Economic-Security-of-American-Households-the-Safety-Net.pdf/
13,US department of the treasury,The Economic Security of American Households: Issue Brief 3,https://home.treasury.gov/system/files/226/The_Economic-Security-of-American-Households-Issue-Brief-3-The-Economic-Security-of-Older-Women-JAN2017.pdf/
14,US department of the treasury,The Economic Security of American Households: Issue Brief 2,https://home.treasury.gov/system/files/226/The-Economic-Security-of-American-Households-Issue-Brief-2-Labor-Market-Transitions-of-Young-Adults-OCT2016.pdf/
15,US department of the treasury,The Economic Security of American Households: Issue Brief 1,https://home.treasury.gov/system/files/226/The_Economic_Security_of_American_Households_Issue_Brief_1-The_Evolution_of_Earnings_and_Income_APR2016.pdf/
16,US department of the treasury,Contracts awarded by Prime awardee for AI etc,https://home.treasury.gov/system/files/271/Contracts-awarded-by-Prime-awardee-for-AI-etc.pdf/
17,US department of the treasury,Combating Human Trafficking,https://home.treasury.gov/news/featured-stories/combating-human-trafficking/
18,US department of the treasury,Combating Human Trafficking,https://home.treasury.gov/news/featured-stories/combating-human-trafficking/
19,US department of the treasury,The Data Underlying America's Strong Economic Recovery,https://home.treasury.gov/news/featured-stories/the-data-underlying-americas-strong-economic-recovery/
20,US department of the treasury,Racial Inequality in the United States,https://home.treasury.gov/news/featured-stories/racial-inequality-in-the-united-states/
21,nature,Zinc isotopic evidence for the origin of the Moon,https://www.nature.com/articles/nature11507/
22,nature,Zinc isotopic evidence for the origin of the Moon,https://www.nature.com/articles/nature11507/
23,nature,A spectrograph for exoplanet observations calibrated at the centimetre-per-second level,https://www.nature.com/articles/nature11092/
24,nature,A spectrograph for exoplanet observations calibrated at the centimetre-per-second level,https://www.nature.com/articles/nature11092/
25,nature,A spectrograph for exoplanet observations calibrated at the centimetre-per-second level,https://www.nature.com/articles/nature11092/
26,nature,An absence of neutrinos associated with cosmic-ray acceleration in γ-ray bursts,https://www.nature.com/articles/nature11068/
27,nature,An absence of neutrinos associated with cosmic-ray acceleration in γ-ray bursts,https://www.nature.com/articles/nature11068/
28,nature,An absence of neutrinos associated with cosmic-ray acceleration in γ-ray bursts,https://www.nature.com/articles/nature11068/
29,nature,An absence of neutrinos associated with cosmic-ray acceleration in γ-ray bursts,https://www.nature.com/articles/nature11068/
30,nature,A global synthesis reveals biodiversity loss as a major driver of ecosystem change,https://www.nature.com/articles/nature11118/
31,nature,The yeast Fun30 and human SMARCAD1 chromatin remodellers promote DNA end resection,https://www.nature.com/articles/nature11353/
32,nature,The yeast Fun30 and human SMARCAD1 chromatin remodellers promote DNA end resection,https://www.nature.com/articles/nature11353/
33,nature,A comparative analysis of the evolution of imperfect mimicry,https://www.nature.com/articles/nature10961/
34,nature,Biosignatures as revealed by spectropolarimetry of Earthshine,https://www.nature.com/articles/nature10778/
35,nature,The suppression of star formation by powerful active galactic nuclei,https://www.nature.com/articles/nature11096/
36,nature,Ploughing the deep sea floor,https://www.nature.com/articles/nature11410/
37,nature,Ploughing the deep sea floor,https://www.nature.com/articles/nature11410/
38,nature,Ploughing the deep sea floor,https://www.nature.com/articles/nature11410/
39,nature,Experimental demonstration of topological error correction,https://www.nature.com/articles/nature10770/
40,nature,Experimental demonstration of topological error correction,https://www.nature.com/articles/nature10770/
41,beautifulnews,Most of the World can Now Afford Mobile Internet,https://informationisbeautiful.net/beautifulnews/1148-afford-mobile-internet/
42,beautifulnews,Australia has a Mobile Shower and Laundry Service for the Homeless,https://informationisbeautiful.net/beautifulnews/632-mobile-service-homeless/
43,beautifulnews,Rhino Populations Are Growing,https://informationisbeautiful.net/beautifulnews/1320-rhino-populations/
44,beautifulnews,Healthy Life Expectancy is Increasing in Almost Every Country 2000-2016,https://informationisbeautiful.net/beautifulnews/680-healthy-life-expectancy/
45,beautifulnews,india's solar power capacity quadruples,https://informationisbeautiful.net/beautifulnews/18-india-solar-capacity/
46,beautifulnews,No Children Died in Car Accidents,https://informationisbeautiful.net/beautifulnews/1419-norway-road-safety/
47,beautifulnews,Giant Floating Baloons Will Provide Internet in Kenya,https://informationisbeautiful.net/beautifulnews/1413-floating-internet-balloons/
48,beautifulnews,Scotland Generates Enough Wind Energy to Power All Its Homes,https://informationisbeautiful.net/beautifulnews/1076-scotland-wind-energy/
49,beautifulnews,Soy&Oat Milk Are the Most Sustainable,https://informationisbeautiful.net/beautifulnews/1040-soy-oat-milk/
50,beautifulnews,UK Teen Pregnancies Hit a Record Low,https://informationisbeautiful.net/beautifulnews/497-uk-teen-pregnancy/
51,beautifulnews,Livestock Fed Seaweed Emit Less Methane,https://informationisbeautiful.net/beautifulnews/1133-livestock-fed-seaweed/
52,beautifulnews,Foreign Aid Has Exploded,https://informationisbeautiful.net/beautifulnews/80-foreign-aid/
53,beautifulnews,More Populations of Large Sea Turtles Are Improving vs Declining,https://informationisbeautiful.net/beautifulnews/127-sea-turtles/
54,beautifulnews,"After 23 months, the 2018 Ebola outbreak in DR Congo has ended",https://informationisbeautiful.net/beautifulnews/1321-ebola-congo/
55,beautifulnews,Laws to Protect Animals&Pets Are Becoming More Widespread,https://informationisbeautiful.net/beautifulnews/387-banned-puppy-sales/
56,beautifulnews,The Potential of Tidal Power is Amazing,https://informationisbeautiful.net/beautifulnews/1132-tidal-power-potential/
57,beautifulnews,More Afghan Girls Are Being Educated,https://informationisbeautiful.net/beautifulnews/764-afghan-girls/
58,beautifulnews,Early Detection of Cervical Cancer Has Never Been So Accurate,https://informationisbeautiful.net/beautifulnews/723-cervical-cancer-test/
59,beautifulnews,A Wall of Fertile Land Will Cross Africa,https://informationisbeautiful.net/beautifulnews/1383-great-green-wall/
60,beautifulnews,Britain's Woodland Cover Has Returned to Medieval Levels,https://informationisbeautiful.net/beautifulnews/1260-britain-woodland-cover/
61,beautifulnews,Renewable Energy is Untapped Energy,https://informationisbeautiful.net/beautifulnews/1029-untapped-renewables/
62,beautifulnews,South Korea is Solving Its Food Waste Problem,https://informationisbeautiful.net/beautifulnews/1241-south-korea-food-waste/
63,beautifulnews,When Submarine Internet Cables Arrived in Africa...,https://informationisbeautiful.net/beautifulnews/950-submarine-internet/
64,beautifulnews,US Aims to Halve Food Waste by 2030,https://informationisbeautiful.net/beautifulnews/1190-cut-food-waste/
65,beautifulnews,Sweden Sends Almost No Trash to Landfill,https://informationisbeautiful.net/beautifulnews/600-sweden-trash-landfill/
66,beautifulnews,The Response to the 2009 Swine Flu Pandemic Was the Fastest in History,https://informationisbeautiful.net/beautifulnews/200-H1N1-response/
67,beautifulnews,How Denmark Will Be Carbon Neutral,https://informationisbeautiful.net/beautifulnews/743-denmark-carbon-neutral/
68,beautifulnews,Fewer Young Children in Egypt Are Dying,https://informationisbeautiful.net/beautifulnews/166-egypt-child-mortality/
69,beautifulnews,Millions of Children's Lives Have Been Saved,https://informationisbeautiful.net/beautifulnews/595-childrens-lives-saved/
70,beautifulnews,"New Cookstoves are Safer, Last Longer&Reduce Emissions",https://informationisbeautiful.net/beautifulnews/1153-improved-cookstoves/
71,beautifulnews,Hacking Photosynthesis to Feed Our Growing Population,https://informationisbeautiful.net/beautifulnews/1156-hacking-photosynthesis/
72,beautifulnews,Rice,https://informationisbeautiful.net/beautifulnews/623-improved-rice-production/
73,beautifulnews,"Alice, the First Commercial All-Electric Passenger Aircraft Has Landed",https://informationisbeautiful.net/beautifulnews/1063-all-electric-plane/
74,beautifulnews,The Cost of Renewables Falling Fast,https://informationisbeautiful.net/beautifulnews/586-cost-renewables-falling/
75,beautifulnews,Major Fashion Brands Are Going Fur-Free,https://informationisbeautiful.net/beautifulnews/122-fur-free-fashion/
76,beautifulnews,"One Million UK Women Now Work in Science,Tech, Engineerings&Math",https://informationisbeautiful.net/beautifulnews/1340-million-women-stem/
77,beautifulnews,Combining Solar Panel Technologies Could Boost Energy Production by a Third,https://informationisbeautiful.net/beautifulnews/1343-super-solar-panels/
78,beautifulnews,New Plant-Based Plastic Bottles Will Degrade in One Year,https://informationisbeautiful.net/beautifulnews/1334-plant-based-plastic-bottle/
79,beautifulnews,The US is Boosting Alzheimer's Funding,https://informationisbeautiful.net/beautifulnews/875-us-alzheimers-funding/
80,beautifulnews,A Global 'Green New Deal' Could Eliminate 99.7% of CO2 emissions,https://informationisbeautiful.net/beautifulnews/1262-global-green-new-deal/
81,beautifulnews,The Dutch city of Utrecht has covered 300 bus stops,https://informationisbeautiful.net/beautifulnews/1074-bus-stop-plants/
82,beautifulnews,75% of All the Aluminum Ever Used in the USA Has Been Recycled,https://informationisbeautiful.net/beautifulnews/1359-aluminium-recycling/
83,beautifulnews,A New Device Can Harness Electricity from Raindrops,https://informationisbeautiful.net/beautifulnews/1255-electricity-raindrops/
84,beautifulnews,Money Spent on Disadvantaged Kids Is a Great Long-term Investment,https://informationisbeautiful.net/beautifulnews/1335-childhood-programs/
85,beautifulnews,Fewer US Women Are Dying of Breast Cancer,https://informationisbeautiful.net/beautifulnews/149-breast-cancer-deaths/
86,beautifulnews,Most One-Year-Olds Are Vaccinated Against Three Lethal Diseases,https://informationisbeautiful.net/beautifulnews/748-one-year-olds-vaccinated/
87,beautifulnews,Renewable Energy Superstars,https://informationisbeautiful.net/beautifulnews/10-renewable-energy-stars/
88,beautifulnews,It's Legal to be Homosexual in the Majority of the World's Countries,https://informationisbeautiful.net/beautifulnews/558-legal-homosexuality/
89,beautifulnews,Smoking is Falling Fast in Japan,https://informationisbeautiful.net/beautifulnews/49-japan-smoking/
90,beautifulnews,Billions More Can Now Drink Safely,https://informationisbeautiful.net/beautifulnews/70-billions-drink-safely/
91,beautifulnews,"A 100° Biodegradabie, Comfortable Sanitary Has Been Developed",https://informationisbeautiful.net/beautifulnews/958-biodegradable-pad/
92,beautifulnews,Government buildings&infrastructure in three major Australian cities are now powered by 100% renewable energy,https://informationisbeautiful.net/beautifulnews/1356-australia-renewable-cities/
93,beautifulnews,Mountain Gorilla Populations Are Rising,https://informationisbeautiful.net/beautifulnews/803-gorilla-populations-rising/
94,beautifulnews,Belize's Barrier Reef Is No Longer at Risk,https://informationisbeautiful.net/beautifulnews/4-belize-barrier-reef/
95,beautifulnews,Tree Planting Has So Much Potential,https://informationisbeautiful.net/beautifulnews/1298-tree-planting-potential/
96,beautifulnews,Biodiversity is Flourishing in the Thames,https://informationisbeautiful.net/beautifulnews/144-biodiversity-river-thames/
97,beautifulnews,Biofortified Cassava Is Set to Transform the House of Millions,https://informationisbeautiful.net/beautifulnews/1165-cassava-nutrition/
98,beautifulnews,"In the USA, wind power is now cheaper than burning natual gas",https://informationisbeautiful.net/beautifulnews/1108-wind-cheaper-than-fossil/
99,beautifulnews,Countries Are Starting to Ban Fossil Fuel Vehicles,https://informationisbeautiful.net/beautifulnews/865-banning-fossil-fuel-cars/
100,beautifulnews,Women Can Finally Vote Everywhere,https://informationisbeautiful.net/beautifulnews/84-women-vote-everywhere/
101,beautifulnews,Billions More People Are Now Online,https://informationisbeautiful.net/beautifulnews/64-billions-more-internet-access/
102,beautifulnews,Millions of Lives Have Been Saved by Vaccines in the Last 25 Years,https://informationisbeautiful.net/beautifulnews/515-lives-saved-vaccines/
103,beautifulnews,China Could Generate Half Its Power From Renewable By 2020,https://informationisbeautiful.net/beautifulnews/1085-china-renewables/
104,beautifulnews,"California Initiative Breeds Infertility into Mosquitoes, Cutting Their Numbers",https://informationisbeautiful.net/beautifulnews/1271-mosquito-control/
105,beautifulnews,Trashtag Challenge Was a Huge Success,https://informationisbeautiful.net/beautifulnews/1296-trashtag/
106,beautifulnews,"Visionary Mexican Program Improves Health, Education, and Nutrition",https://informationisbeautiful.net/beautifulnews/1016-visionary-mexican-program/
107,beautifulnews,Taiwan has become the first Asian Country to Legalise Same-sex Marriage,https://informationisbeautiful.net/beautifulnews/35-taiwan-marriage-equality/
108,beautifulnews,Plastic-Eating Worms Could Tackle Trash,https://informationisbeautiful.net/beautifulnews/1150-plastic-eating-worms/
109,beautifulnews,The Average US Citizen Now Lives Much Longer After Retirement,https://informationisbeautiful.net/beautifulnews/705-life-beyond-retirement/
110,beautifulnews,Simple Oral Rehydration Therapy Has Saved Millions of Lives Around the World,https://informationisbeautiful.net/beautifulnews/47-oral-rehydration-therapy/
111,beautifulnews,Extreme Poverty is Almost Eradicated in the East Asia&Pacific Region,https://informationisbeautiful.net/beautifulnews/72-poverty-east-asia/
112,beautifulnews,We're Investing Twice as Much in Renewables vs Fossil Fuels,https://informationisbeautiful.net/beautifulnews/1059-renewables-investment/
113,beautifulnews,Global Tree Cover is Expanding,https://informationisbeautiful.net/beautifulnews/877-global-tree-cover/
114,beautifulnews,We've Almost Eradicated Polio,https://informationisbeautiful.net/beautifulnews/48-almost-eliminated-polio/
115,beautifulnews,There are Already More Than 34000km of Plastic Roads in India,https://informationisbeautiful.net/beautifulnews/770-india-plastic-roads/
116,beautifulnews,Rechargeable Batteries are Getting Better,https://informationisbeautiful.net/beautifulnews/1136-batteries-better/
117,beautifulnews,Over Two Billion More People Have Gained Access to Improved Sanitation,https://informationisbeautiful.net/beautifulnews/464-improved-sanitation/
118,beautifulnews,"Six Organic, Biodegradable Alternatives to Single-Use Plastics",https://informationisbeautiful.net/beautifulnews/1207-plastic-substitutes/
119,beautifulnews,"Wind Power Now Supplies 5% of the World's Energy, and It's Growing",https://informationisbeautiful.net/beautifulnews/579-wind-power-world-energy/
120,beautifulnews,The Potential of Wind Power is Amazing,https://informationisbeautiful.net/beautifulnews/1130-wind-power-potential/
121,beautifulnews,South Africa is Defending Its Rhinos,https://informationisbeautiful.net/beautifulnews/949-south-africa-rhinos/
122,beautifulnews,Even A Small Portion of Fruit or Vegetables Every Day Can Prevent Diabetes,https://informationisbeautiful.net/beautifulnews/1395-fruit-veg-diabetes/
123,beautifulnews,Oil Spills Have Decreased,https://informationisbeautiful.net/beautifulnews/1276-oil-spills-decreased/
124,beautifulnews,Despite US Planned Withdrawal from the Paris Agreement,https://informationisbeautiful.net/beautifulnews/676-paris-agreement/
125,beautifulnews,Almost Half of New Cars Sold in Norway Are Electric,https://informationisbeautiful.net/beautifulnews/1069-norway-electric-cars/
126,beautifulnews,Best in Show: The Ultimate Data Dog,https://informationisbeautiful.net/visualizations/best-in-show-whats-the-top-data-dog/
127,beautifulnews,Norway Recycles Almost All of Their Plastic Bottles,https://informationisbeautiful.net/beautifulnews/1041-norway-plastic-bottles/
128,beautifulnews,Numerous Countries Are Banning the Use of Wild Animals in Circuses,https://informationisbeautiful.net/beautifulnews/124-animals-in-circuses/
129,beautifulnews,Europe Could Power the Entire World with Wind,https://informationisbeautiful.net/beautifulnews/1111-europe-wind-power/
130,fivethirtyeight,Does The Road To The Stanley Cup Lead Through Florida ... Again?,https://fivethirtyeight.com/features/does-the-road-to-the-stanley-cup-lead-through-florida-again/
131,fivethirtyeight,How Cable News Is Talking About The Protests -- And Why It Matters,https://www.youtube.com/watch?v=-1EH4YC4SZI
132,fivethirtyeight,Confidence Interval: Republicans Will Win Back Congress In 2022,https://www.youtube.com/watch?v=g5zzOt1glcc
133,fivethirtyeight,Women Of Color Have Always Been In Politics. Now They Are Changing Congress,https://www.youtube.com/watch?v=iZ5PnXGjX1I
134,fivethirtyeight,Do You Buy That ... President Joe Biden Can Unite The Country? ,https://www.youtube.com/watch?v=QBD-PC880Iw
135,fivethirtyeight,Do You Buy That ... President Joe Biden Can Unite The Country? ,https://www.youtube.com/watch?v=QBD-PC880Iw
136,fivethirtyeight,Trump's refusal to concede hasn't made life easier for GOP in Georgia runoffs ,https://www.youtube.com/watch?v=zcBwgv_jAzQ
137,fivethirtyeight,Those suburban votes were key to putting Biden over the top,https://www.youtube.com/watch?v=tpyurjBIE0Q
138,fivethirtyeight,I buy that COVID was a factor in polls underestimating,https://www.youtube.com/watch?v=O7bWIvQSvgk
139,fivethirtyeight,What Happened To The Polls In 2016 - And What You Should Know About Them In 2020,https://www.youtube.com/watch?v=TambSayfCOE
140,fivethirtyeight,(Trump) may be discouraging turnout within his own party,https://www.youtube.com/watch?v=wmmBV8ZSYzI
141,fivethirtyeight,Trump's getting into underdog territory,https://www.youtube.com/watch?v=tmxYbgzbplQ
142,fivethirtyeight,Biden And Sanders Are Neck And Neck In Iowa,https://www.youtube.com/watch?v=2GK30_10878
143,fivethirtyeight,Did The First Five Public Impeachment Hearings Change Anyone's Mind?,https://www.youtube.com/watch?v=kqkjK3A8YtE
144,fivethirtyeight,How Ricky Williams's infamous contract got made,https://www.youtube.com/watch?v=mMyPwdgLJKs
145,fivethirtyeight,Do You Buy That ... Ranked-Choice Voting Could Change The Outcome Of The NYC Mayoral Race?,https://www.youtube.com/watch?v=epGltA0m5Ak
146,fivethirtyeight,Republicans Can Govern Without Winning A Majority. That Threatens Our Democracy,https://www.youtube.com/watch?v=li-n4l_474g
147,fivethirtyeight,Republicans Can Govern Without Winning A Majority. That Threatens Our Democracy.,https://www.youtube.com/watch?v=li-n4l_474g
148,fivethirtyeight,Republicans Can Govern Without Winning A Majority. That Threatens Our Democracy.,https://www.youtube.com/watch?v=li-n4l_474g
149,fivethirtyeight,Republicans Can Govern Without Winning A Majority. That Threatens Our Democracy.,https://www.youtube.com/watch?v=li-n4l_474g
150,fivethirtyeight,Republicans Can Govern Without Winning A Majority. That Threatens Our Democracy,https://www.youtube.com/watch?v=li-n4l_474g
151,fivethirtyeight,I do not buy that the (J&J vaccine) pause was a good idea,https://www.youtube.com/watch?v=ejYmIk-cJ_k
152,fivethirtyeight,What Makes LeBron James So Great,https://www.youtube.com/watch?v=zwOoSoZgsD0
153,fivethirtyeight,What Makes LeBron James So Great,https://www.youtube.com/watch?v=zwOoSoZgsD0
154,fivethirtyeight,Don't Believe Anything The 2020 Exit Polls Tell You ,https://www.youtube.com/watch?v=TmvcaitydYY
155,information is beautifula wards,The Last Star in the Universe - Red Dwarfs Explained,https://www.informationisbeautifulawards.com/showcase/1195-the-last-star-in-the-universe-red-dwarfs-explained?utm_content=buffer0e946&utm_medium=social&utm_source=twitter.com&utm_campaign=buffer
156,information is beautifula wards,The Winners: Politics & Global,https://www.informationisbeautifulawards.com/news/531-the-winners-politics-global
157,information is beautifula wards,Data Science vs Fake,https://www.informationisbeautifulawards.com/news/302-the-shortlist-science-technology
158,information is beautifula wards,Noon It's Not,https://www.informationisbeautifulawards.com/showcase/4156-noon-it-s-not
159,information is beautifula wards,"3,121 Desperate Journeys: Exposing A Week Of Chaos Under Trump's Zero Tolerance",https://www.informationisbeautifulawards.com/news/431-the-shortlist-humanitarian
160,information is beautifula wards,A Plastic Coral,https://www.informationisbeautifulawards.com/news/438-the-shortlist-science-technology
161,information is beautifula wards,Fish World,https://www.informationisbeautifulawards.com/news/438-the-shortlist-science-technology
162,information is beautifula wards,Yo Y El Mundo,https://www.informationisbeautifulawards.com/showcase/3952-yo-y-el-mundo
163,information is beautifula wards,The categories: Humanitarian / global,https://www.informationisbeautifulawards.com/news/221-the-categories-humanitarian-global
164,information is beautifula wards,World Food Clock,https://www.informationisbeautifulawards.com/news/221-the-categories-humanitarian-global
165,information is beautifula wards,Migration in the Census and in the News,https://www.informationisbeautifulawards.com/news/221-the-categories-humanitarian-global
166,information is beautifula wards,Data Cuisine,https://www.informationisbeautifulawards.com/news/222-the-categories-unusual
167,information is beautifula wards,Here Is Europe's Chocolate Consumption IN 2015,https://www.informationisbeautifulawards.com/news/232-revealed-the-iib-awards-2017-longlist
168,information is beautifula wards,Rhythm of Food,https://www.informationisbeautifulawards.com/news/268-the-winners-sports-games-leisure
169,information is beautifula wards,The 'uh' versus 'um' map of America,https://www.informationisbeautifulawards.com/news/37-the-uh-versus-um-map-of-america
170,quartz,We're running out of room on the 'And Counting' t-shirt to add all the unarmed black people killed by cops in America,https://twitter.com/MelvinBackman/status/544490397339119618
171,reuters,"A box-office juggernaut, the MCU is the highest-grossing film franchise of all time.",https://graphics.reuters.com/USA-FILM-AVENGERS/010091KC2B2/index.html
172,reuters,Sea Level Rise By The Numbers,https://graphics.reuters.com/CLIMATECHANGE-GREENLAND-SEALEVELS/010080F60WR/index.html
173,reuters,Talking heads,https://graphics.reuters.com/USA-RUSSIA/010071702F8/index.html
174,reuters,The Original Avengers,https://graphics.reuters.com/USA-FILM-AVENGERS/010091KC2B2/index.html
175,reuters,Super League shakeup,https://graphics.reuters.com/SOCCER-EUROPE/BREAKAWAY-INTERNATIONALS/oakvewxqjvr/index.html
176,reuters,51% of Americans approve of the president,https://graphics.reuters.com/USA-BIDEN/POLL/nmopagnqapa/index.html
177,reuters,Counting The Cost in Gaza,https://graphics.reuters.com/ISRAEL-PALESTINIANS/GAZA/azgpoozagpd/index.html
178,reuters,Counting The Cost in Gaza,https://graphics.reuters.com/ISRAEL-PALESTINIANS/GAZA/azgpoozagpd/index.html
179,reuters,The Forgotten Events,https://graphics.reuters.com/OLYMPICS-2020/HISTORY/oakpedqbgvr/index.html
180,reuters,Voting Highs,https://graphics.reuters.com/USA-ELECTIONS/oakvendenpr/
181,reuters,Reading The Brexit Tea Leaves,https://graphics.reuters.com/BRITAIN-EU/010092G834N/index.html
182,reuters,A Decade of Peace Shattered,https://graphics.reuters.com/SRI%20LANKA-BLASTS/010091JW299/index.html
183,reuters,A Decade of Peace Shattered,https://graphics.reuters.com/SRI%20LANKA-BLASTS/010091JW299/index.html
184,reuters,The Figures Behind the Faces,https://graphics.reuters.com/INDIA-ELECTION-CRIMINAL-CANDIDATES/0100925031T/index.html
185,reuters,The Figures Behind the Faces,https://graphics.reuters.com/INDIA-ELECTION-CRIMINAL-CANDIDATES/0100925031T/index.html
186,reuters,The Figures Behind the Faces,https://graphics.reuters.com/INDIA-ELECTION-CRIMINAL-CANDIDATES/0100925031T/index.html
187,reuters,Comparing Outbreaks,https://graphics.reuters.com/CHINA-HEALTH-VIRUS-COMPARISON/0100B5BY3CY/index.html
188,reuters,The Race Gap: How U.S. Systemic Racism Plays Out in Black Lives,https://graphics.reuters.com/GLOBAL-RACE/USA/nmopajawjva/index.html#student-loans
189,reuters,The Race Gap: How U.S. Systemic Racism Plays Out in Black Lives,https://graphics.reuters.com/GLOBAL-RACE/USA/nmopajawjva/index.html#the-justice-system
190,reuters,The Race Gap: How U.S. Systemic Racism Plays Out in Black Lives,https://graphics.reuters.com/GLOBAL-RACE/USA/nmopajawjva/index.html#homeownership
191,reuters,The Race Gap: How U.S. Systemic Racism Plays Out in Black Lives,https://graphics.reuters.com/GLOBAL-RACE/USA/nmopajawjva/index.html#life-expectancy
192,reuters,How Powerful was the Beirut Blast?,https://graphics.reuters.com/LEBANON-SECURITY/BLAST/yzdpxnmqbpx/index.html
193,reuters,Collision Course,https://graphics.reuters.com/MAURITIUS-ENVIRONMENT/SPILL/xlbvglnqrpq/
194,reuters,Understanding Brexit: The Event that Led to UK to a Brexit Impasse,https://graphics.reuters.com/BRITAIN-EU/0100B2EP1LV/index.html
195,reuters,How Joe Biden Won the U.S. Presidential Election,https://graphics.reuters.com/USA-ELECTION/RESULTS/jznvnjyjzvl/index.html
196,reuters,Speed and Trust,https://graphics.reuters.com/HEALTH-CORONAVIRUS/VACCINE-ROLLOUT/rlgvdegqqpo/index.html
197,reuters,"Cannabis Entrepreneurs, Celebrity Investors Light Up as Legalization Blooms",https://graphics.reuters.com/CANNABIS-TECH/qzjpqlwgqvx/index.html
198,reuters,The Fed Shifts Into Neutral,https://graphics.reuters.com/USA-FED-NEUTRAL/0100710J22Z/index.html
199,reuters,Apple Hits $1 Trillion Stock Valuation,https://graphics.reuters.com/APPLE-STOCKS-TRILLION/010071L931X/index.html
200,reuters,What If All The Ice Melted?,https://graphics.reuters.com/CLIMATECHANGE-GREENLAND-SEALEVELS/010080F60WR/index.html
201,the guardian,Premier League summer transfers 2015 - in numbers,https://www.theguardian.com/football/datablog/2015/aug/07/premier-league-summer-transfers-2015-numbers?CMP=twt_b-gdndata
202,the guardian,When Will Your Parents Die? The Factors That Make the Difference in America,https://www.theguardian.com/news/datablog/2020/jan/19/poor-and-black-americans-more-likely-to-experience-death-parent-younger-age?utm_source=dlvr.it&utm_medium=twitter
203,the guardian,Data Reveals Australia's New International Arrivals Cap Is Harshest Yet,https://www.theguardian.com/news/datablog/2021/jul/07/australias-travel-restrictions-how-the-cap-on-international-arrivals-has-changed
204,the guardian,Italy Crush England's Dreams After Winning Euro 2020 On Penalties,https://www.theguardian.com/football/2021/jul/11/italy-crush-england-dreams-after-winning-euro-2020-on-penalties
205,the guardian,Ugandan Minister Blames West For Covid Vaccine Shortage,https://www.theguardian.com/world/2021/jul/11/ugandan-minister-blames-west-for-countrys-covid-vaccine-shortage
206,the guardian,'They Will Never Let Go': Isis Fighters Regroup In the Heart of Iraq,https://www.theguardian.com/world/2021/jul/11/isis-fighters-regroup-in-the-heart-of-iraq
207,the pudding,The Emotional GIF Range of Celebs,https://pudding.cool/2020/03/gifs/
208,the pudding,The Timing of Baby Making,https://pudding.cool/2017/05/births/
209,the pudding,How Many Artists Overshadow Their Band After Going Solo?,https://pudding.cool/2021/04/solo/
210,the pudding,Every Time Someone Says 'cool' in Community,https://pudding.cool/2021/01/cool/
211,the pudding,Film Or Digital?,https://pudding.cool/2018/08/filmordigital/
212,the pudding,The Structure of Stand-Up Comedy,https://pudding.cool/2018/02/stand-up/
213,the pudding,The Structure of Stand-Up Comedy,https://pudding.cool/2018/02/stand-up/
214,the pudding,Listen to Her:Gender on This American Life,https://pudding.cool/2017/09/this-american-life/
215,the pudding,Listen to Her:Gender on This American Life,https://pudding.cool/2017/09/this-american-life/
216,the pudding,Listen to Her:Gender on This American Life,https://pudding.cool/2017/09/this-american-life/
217,the pudding,"She Giggles, He Gallops",https://pudding.cool/2017/08/screen-direction/
218,the pudding,The Naked Truth,https://pudding.cool/2021/03/foundation-names/
219,the pudding,The Naked Truth,https://pudding.cool/2021/03/foundation-names/
220,the pudding,The Most Negative Characters,https://pudding.cool/2017/08/the-office/
221,the pudding,A Brief History of The Past 100 YEARS,https://pudding.cool/2018/12/brief-history/
222,the pudding,What Does the Path to Fame Look Like?,https://pudding.cool/2018/10/wiki-breakout/
223,the pudding,What Does the Path to Fame Look Like?,https://pudding.cool/2018/10/wiki-breakout/
224,the pudding,What Does the Path to Fame Look Like?,https://pudding.cool/2018/10/wiki-breakout/
225,the pudding,The Birthday Paradox Experiment ,https://pudding.cool/2018/04/birthday-paradox/
226,the pudding,The Largest Vocabulary In Hip Hop,https://pudding.cool/projects/vocabulary/
227,the pudding,Human Terrain,https://pudding.cool/2018/10/city_3d/
228,the pudding,Human Terrain,https://pudding.cool/2018/10/city_3d/
229,the pudding,Women's Pockets are Inferior.,https://pudding.cool/2018/08/pockets/
230,the pudding,Get Out Of Your Geographic Music Bubble,https://pudding.cool/2021/04/music-bubble/
231,the pudding,How Many High School Stars Make it in the NBA?,https://pudding.cool/2019/03/hype/
232,the pudding,The Historical Cost of Light,https://pudding.cool/2020/12/lighting-cost/
233,the pudding,How Officer Complaints Are Investigated: A Case Study of Philadelphia Police,https://pudding.cool/2020/10/police-misconduct/
234,the pudding,How Officer Complaints Are Investigated: A Case Study of Philadelphia Police,https://pudding.cool/2020/10/police-misconduct/
235,the pudding,How Officer Complaints Are Investigated: A Case Study of Philadelphia Police,https://pudding.cool/2020/10/police-misconduct/
236,the pudding,"How Rigid Is The Middle Class in The US, Really?",https://pudding.cool/2020/08/income/
237,the pudding,"How Rigid Is The Middle Class in The US, Really?",https://pudding.cool/2020/08/income/
238,the pudding,The Kim Foxx Effect,https://pudding.cool/2019/10/prosecutors/
239,the pudding,The Kim Foxx Effect,https://pudding.cool/2019/10/prosecutors/
240,the pudding,The Kim Foxx Effect,https://pudding.cool/2019/10/prosecutors/
241,the pudding,The Language Of Congress,https://congress.pudding.cool/
242,the pudding,"The Good, the Rad, and the Gnarly",https://pudding.cool/2018/06/skate-music/
243,the pudding,"The Good, the Rad, and the Gnarly",https://pudding.cool/2018/06/skate-music/
244,the pudding,One-Hit Wonders in Sports,https://pudding.cool/2018/04/one-hit-wonders/
245,the pudding,One-Hit Wonders in Sports,https://pudding.cool/2018/04/one-hit-wonders/
246,the pudding,The Most Common Contraceptive Combinations,https://pudding.cool/2018/07/birth_control/
247,the pudding,10 Things Everyone Hates About You,https://pudding.cool/2017/12/hater/
248,the pudding,10 Things Everyone Hates About You,https://pudding.cool/2017/12/hater/
249,the pudding,10 Things Everyone Hates About You,https://pudding.cool/2017/12/hater/
250,the pudding,Craft beer - so hot right now. But what city is the microbrew capital of the US?,https://pudding.cool/2017/04/beer/
251,the pudding,Free Willy and Flipper by the Numbers,https://pudding.cool/2017/07/cetaceans/
252,unicef,Children and the Sustainable Development Goals.,https://www.rightcolours.com/projects/unicef-children-and-the-sustainable-development-goals
253,unicef,Children and the Sustainable Development Goals.,https://www.rightcolours.com/projects/unicef-children-and-the-sustainable-development-goals
254,unicef,Together Against Coronavirus. UNICEF continues to deliver professional protective supplies to Armenia,https://www.unicef.org/armenia/en/press-releases/together-against-coronavirus-unicef-continues-deliver-professional-protective
255,unicef,World Toilet Day,https://twitter.com/UNICEFUSA/status/270604892454936576/photo/1
256,unicef,The Practice of Handwashing with Soap in India in not wide spread,https://www.pinterest.com/pin/207517495301397992/
257,unicef,Levels and Trends in Child Malnutrition,https://www.unicef.org/reports/joint-child-malnutrition-estimates-levels-and-trends-child-malnutrition-2020
258,vox,Why you can't compare Covid-19 vaccines,https://www.youtube.com/watch?v=K3odScka55A
259,vox,Texas's power disaster is a warning sign for the US,https://www.youtube.com/watch?v=Zcrsgdl_hP0
260,vox,Texas's power disaster is a warning sign for the US,https://www.youtube.com/watch?v=Zcrsgdl_hP0
261,vox,How the rich avoid paying taxes,https://www.youtube.com/watch?v=t6V9i8fFADI
262,vox,How the rich avoid paying taxes,https://www.youtube.com/watch?v=t6V9i8fFADI
263,vox,How the rich avoid paying taxes,https://www.youtube.com/watch?v=t6V9i8fFADI
264,vox,How the rich avoid paying taxes,https://www.youtube.com/watch?v=t6V9i8fFADI
265,vox,"The Electoral College, explained",https://www.youtube.com/watch?v=ajavsMbCapY&list=PLJ8cMiYb3G5eKjlXtsOo6SDi2ZvcHQ69q
266,vox,"The Electoral College, explained",https://www.youtube.com/watch?v=ajavsMbCapY&list=PLJ8cMiYb3G5eKjlXtsOo6SDi2ZvcHQ69q
267,vox,"The Electoral College, explained",https://www.youtube.com/watch?v=ajavsMbCapY&list=PLJ8cMiYb3G5eKjlXtsOo6SDi2ZvcHQ69q
268,wsj graphics,"South and West to Gain Power in House of Representatives, Expected to Favor Republicans",https://twitter.com/WSJGraphics/status/1387234209924849664
269,wsj graphics,Joe Biden will be the next president of the United States after crossing 270 electoral votes,https://twitter.com/WSJGraphics/status/1325122733181558786/photo/1
270,wsj graphics,"Less Savings, More Debt: How Chinese Manage Money American-Style, in 17 Charts",https://twitter.com/WSJGraphics/status/1189586963831181312
271,wsj graphics,Older Voters in Florida Could Be Key to the 2020 Election,https://www.wsj graphics.com/graphics/election-2020-florida-older-voters/?mod=e2twg
272,wsj graphics,Floating Giant,https://twitter.com/WSJGraphics/status/1297891401380888577
273,wsj graphics,Mobile Phone Signal U.S. Troop Movements,https://twitter.com/WSJGraphics/status/1386782938575036417
274,wsj graphics,Coinbase CEO Takes Crypto Exchange Public After Bringing Bitcoin to Masses,https://twitter.com/WSJGraphics/status/1382371618643714056
275,wsj graphics,"Pfizer, BioNTech Covid-19 Vaccine Is Authorized in the U.S.",https://twitter.com/TaylorUmlauf/status/1337590663525916676
276,wsj graphics,Key Features of the Spike Protein,https://twitter.com/WSJGraphics/status/1363921355603914754
277,wsj graphics,"Pfizer, BioNTech Covid-19 Vaccine Is Authorized in the U.S.",https://twitter.com/WSJGraphics/status/1337761351620567041
278,economist,Our house-price forecast expects the global rally to lose steam,https://www.economist.com/graphic-detail/2021/04/10/our-house-price-forecast-expects-the-global-rally-to-lose-steam
279,economist,The jumbo traffic jam on the Suez Canal,https://www.economist.com/graphic-detail/2021/03/24/the-jumbo-traffic-jam-on-the-suez-canal
280,economist,Data on inbred nobles support a leader-driven theory of history,https://www.economist.com/graphic-detail/2021/02/20/data-on-inbred-nobles-support-a-leader-driven-theory-of-history
281,economist,The Trump administration takes grey wolves off the endangered list,https://www.economist.com/graphic-detail/2020/11/20/the-trump-administration-takes-grey-wolves-off-the-endangered-list
282,economist,The US 2020 election results,https://www.economist.com/graphic-detail/2020/11/03/the-us-2020-election-results
283,economist,Postal voting could put America's Democrats at a disadvantage,https://www.economist.com/graphic-detail/2020/10/24/postal-voting-could-put-americas-democrats-at-a-disadvantage
284,economist,Some rich people are getting even richer during the pandemic,https://www.economist.com/graphic-detail/2020/10/23/some-rich-people-are-getting-even-richer-during-the-pandemic
285,economist,"Engineers, not racers, are the true drivers of success in motor sport",https://www.economist.com/graphic-detail/2020/10/17/engineers-not-racers-are-the-true-drivers-of-success-in-motor-sport
286,economist,Diseases like covid-19 are deadlier in non-democracies,https://www.economist.com/graphic-detail/2020/02/18/diseases-like-covid-19-are-deadlier-in-non-democracies
287,economist,A new study suggests that street gangs inflict broad economic harm,https://www.economist.com/graphic-detail/2020/01/11/a-new-study-suggests-that-street-gangs-inflict-broad-economic-harm
288,economist,Why friends like sloppily wrapped gifts,https://www.economist.com/graphic-detail/2019/12/25/why-friends-like-sloppily-wrapped-gifts
289,economist,Covid-19 vaccine donations have yet to take off,https://www.economist.com/graphic-detail/2021/05/05/covid-19-vaccine-donations-have-yet-to-take-off
290,economist,Societies change their minds faster than people do,https://www.economist.com/graphic-detail/2019/10/31/societies-change-their-minds-faster-than-people-do
291,economist,Do safe-injection sites work?,https://www.economist.com/graphic-detail/2019/10/10/do-safe-injection-sites-work
292,economist,David Cameron is Britain's most disliked politician,https://www.economist.com/graphic-detail/2019/09/18/david-cameron-is-britains-most-disliked-politician
293,economist,Donald Trump's dim decision to scrap Obama-era lightbulb rules,https://www.economist.com/graphic-detail/2019/09/09/donald-trumps-dim-decision-to-scrap-obama-era-lightbulb-rules
294,economist,Shipping logs show how quickly Arctic sea ice is melting,https://www.economist.com/graphic-detail/2019/08/13/shipping-logs-show-how-quickly-arctic-sea-ice-is-melting
295,economist,The global slump in press freedom,https://www.economist.com/graphic-detail/2018/07/23/the-global-slump-in-press-freedom
296,economist,Violent Islamist groups are gaining strength in Africa,https://www.economist.com/graphic-detail/2018/07/17/violent-islamist-groups-are-gaining-strength-in-africa
297,economist,Mammoth urban clusters are sprouting up all over China,https://www.economist.com/graphic-detail/2018/06/26/mammoth-urban-clusters-are-sprouting-up-all-over-china
298,economist,80 years of summits in seven charts,https://www.economist.com/graphic-detail/2018/06/11/80-years-of-summits-in-seven-charts
299,economist,Billions of women are denied the same choice of employment as men,https://www.economist.com/graphic-detail/2018/05/24/billions-of-women-are-denied-the-same-choice-of-employment-as-men
300,economist,Climate change will affect developing countries more than rich ones,https://www.economist.com/graphic-detail/2018/05/09/climate-change-will-affect-developing-countries-more-than-rich-ones
301,economist,Germany is becoming more open and more fragmented,https://www.economist.com/graphic-detail/2018/04/17/germany-is-becoming-more-open-and-more-fragmented
302,economist,Are alpha males worse investors?,https://www.economist.com/graphic-detail/2018/02/20/are-alpha-males-worse-investors
303,economist,Three landings and a take-off,https://www.economist.com/graphic-detail/2018/02/06/three-landings-and-a-take-off
304,economist,Italian general election poll tracker,https://www.economist.com/graphic-detail/2018/01/30/italian-general-election-poll-tracker
305,economist,Who does the most in your household?,https://www.economist.com/graphic-detail/2017/10/05/who-does-the-most-in-your-household
306,economist,Where Donald Trump lost the debate,https://www.economist.com/graphic-detail/2016/09/29/where-donald-trump-lost-the-debate
307,economist,The second presidential debate,https://www.economist.com/graphic-detail/2016/10/09/the-second-presidential-debate
308,economist,Seafood substitutions are increasing,https://www.economist.com/graphic-detail/2016/09/21/seafood-substitutions-are-increasing
309,economist,Our German election poll tracker,https://www.economist.com/graphic-detail/2017/08/11/our-german-election-poll-tracker
310,economist,Pricey London property may push Labour voters into Conservative constituencies,https://www.economist.com/graphic-detail/2017/08/08/pricey-london-property-may-push-labour-voters-into-conservative-constituencies
311,economist,Why biggest isn't fastest in the animal kingdom,https://www.economist.com/graphic-detail/2017/07/26/why-biggest-isnt-fastest-in-the-animal-kingdom
312,economist,A key White House post remains unfilled: First Pet,https://www.economist.com/graphic-detail/2017/07/17/a-key-white-house-post-remains-unfilled-first-pet
313,economist,What to expect in Iran's presidential election today,https://www.economist.com/graphic-detail/2017/05/19/what-to-expect-in-irans-presidential-election-today
314,economist,The sheep that changed the world,https://www.economist.com/graphic-detail/2017/02/17/the-sheep-that-changed-the-world
315,economist,China's roads and workplaces seem to be getting less lethal,https://www.economist.com/graphic-detail/2017/02/08/chinas-roads-and-workplaces-seem-to-be-getting-less-lethal
316,economist,How necessary is Donald Trump's wall?,https://www.economist.com/graphic-detail/2017/01/26/how-necessary-is-donald-trumps-wall
317,economist,China powers ahead with a new direct-current infrastructure,https://www.economist.com/graphic-detail/2017/01/16/china-powers-ahead-with-a-new-direct-current-infrastructure
318,economist,"Fidel Castro, 1926-2016",https://www.economist.com/graphic-detail/2016/11/26/fidel-castro-1926-2016
319,economist,How to find exoplanets,https://www.economist.com/graphic-detail/2016/08/25/how-to-find-exoplanets
320,economist,A brief history of the Olympic games,https://www.economist.com/graphic-detail/2016/08/05/a-brief-history-of-the-olympic-games
321,economist,Characteristics of incoming British prime ministers,https://www.economist.com/graphic-detail/2016/07/13/characteristics-of-incoming-british-prime-ministers
322,economist,Iraq's deadly war,https://www.economist.com/graphic-detail/2016/07/08/iraqs-deadly-war
323,economist,British military deaths,https://www.economist.com/graphic-detail/2016/07/06/british-military-deaths
324,economist,Can tuna prices predict Japan's GDP growth?,https://www.economist.com/graphic-detail/2017/01/10/can-tuna-prices-predict-japans-gdp-growth
325,economist,America's electoral college and the popular vote,https://www.economist.com/graphic-detail/2016/12/28/americas-electoral-college-and-the-popular-vote
326,economist,The market for unwanted gift vouchers,https://www.economist.com/graphic-detail/2016/12/29/the-market-for-unwanted-gift-vouchers
327,pinterest,Barack Obama and John McCain have raised millions of dollars for their presidential campaign,https://www.pinterest.com/pin/449445237791798224/
328,pinterest,American History-Alcohol ,https://www.pinterest.com/pin/374854368978085187/
329,pinterest,"Weed, the People.",https://www.pinterest.com/pin/283234264039318852/
330,visually,"Hamburgers: America's Favorate, By the Numbers",https://visual.ly/community/Infographics/food/hamburgers-economics-americas-favorite-food
331,visually,Food Profiles Of Self-Described Liberals Vs. Conservatives,https://visual.ly/community/Infographics/food/food-profiles-self-described-liberals-vs-conservatives
332,dailyinfographic,One Nation Under Hops,https://www.dailyinfographic.com/one-nation-under-hops-infographic
333,dailyinfographic,A Simple Timeline of China's Economic Development,https://www.dailyinfographic.com/chinese-economics
334,dailyinfographic,Breaking Dad,https://www.dailyinfographic.com/fathers-day-facts
335,dailyinfographic,Marvel Characters With The Highest Film Kill Counts,https://www.dailyinfographic.com/marvel-kill-counts
336,dailyinfographic,Where Are You Most Likely To Spot UFOs?,https://www.dailyinfographic.com/ufo-sightings-ranked
337,dailyinfographic,What Do The Happiest Countries Have In Common?,https://www.dailyinfographic.com/happiest-countries
338,dailyinfographic,"The 20 Most Populous Cities In The World, Ranked",https://www.dailyinfographic.com/most-populous-cities
339,behance,21st - Century Exodus,https://www.behance.net/gallery/56127009/WIRED-US-21st-Century-Exodus
340,behance,Techlash? America's Growing Concern with Major Technology Companies,https://www.behance.net/gallery/93899355/GALLUP-KNIGHT-FOUNDATION-Techlash/modules/542549455
341,behance,Techlash? America's Growing Concern with Major Technology Companies,https://www.behance.net/gallery/93899355/GALLUP-KNIGHT-FOUNDATION-Techlash/modules/542549453
342,behance,Tiere In Zahlen,https://www.behance.net/gallery/117973643/KULTURAUSTAUSCH-Tiere-In-Zahlen
343,behance,Tiere In Zahlen,https://www.behance.net/gallery/117973643/KULTURAUSTAUSCH-Tiere-In-Zahlen
344,postgraphics,Colleges want students to get a coronavirus vaccine. But they're split on requiring the shots,https://www.washingtonpost.com/education/2021/06/23/colleges-covid-vaccine-mandates-divide/?utm_medium=social&utm_campaign=wp_graphics&utm_source=twitter
345,postgraphics,"2020 was the deadliest gun violence year in decades. So far, 2021 is worse.",https://www.washingtonpost.com/nation/2021/06/14/2021-gun-violence/?utm_medium=social&utm_source=twitter&utm_campaign=wp_graphics
346,postgraphics,"2020 was the deadliest gun violence year in decades. So far, 2021 is worse.",https://www.washingtonpost.com/nation/2021/06/14/2021-gun-violence/?utm_medium=social&utm_source=twitter&utm_campaign=wp_graphics
347,postgraphics,"2020 was the deadliest gun violence year in decades. So far, 2021 is worse.",https://www.washingtonpost.com/nation/2021/06/14/2021-gun-violence/?utm_medium=social&utm_source=twitter&utm_campaign=wp_graphics
348,postgraphics,"2020 was the deadliest gun violence year in decades. So far, 2021 is worse.",https://www.washingtonpost.com/nation/2021/06/14/2021-gun-violence/?utm_medium=social&utm_source=twitter&utm_campaign=wp_graphics
349,postgraphics,The Technology 202: Biden administration full of officials who worked for prominent tech companies,https://twitter.com/PostGraphics/status/1407355527663861763/photo/1
350,postgraphics,Colleges want students to get a coronavirus vaccine. But they're split on requiring the shots,https://twitter.com/PostGraphics/status/1407692462525751297/photo/1
351,postgraphics,Biden nominated as many minority women to be judges in four months as Trump had confirmed in four years,https://twitter.com/PostGraphics/status/1406355133156442116/photo/1
352,postgraphics,Anatomy of Japan's joyless Olympics: A hyper-cautious bureaucracy and slow vaccine rollout,https://twitter.com/PostGraphics/status/1403026779355418630/photo/1
353,postgraphics,Covid pushed millions worldwide from the middle class to poverty. One man is trying to work his way back,https://twitter.com/PostGraphics/status/1399712746346844166/photo/1
354,postgraphics,Concerns about missing work may be a barrier to coronavirus vaccination,https://twitter.com/PostGraphics/status/1399501413403828231/photo/1
355,postgraphics,Rio police were ordered to limit favela raids during the pandemic. They're still killing hundreds of people.,https://twitter.com/PostGraphics/status/1395531863029059584/photo/1
356,postgraphics,Which States Have Become America's Place to Be,https://twitter.com/PostGraphics/status/1394089424141656064/photo/1
357,postgraphics,NOAA unveils new U.S. climate 'normals' that are warmer than ever,https://twitter.com/PostGraphics/status/1393989802446426116/photo/1
358,postgraphics,Joe Biden has picked 341 nominees to fill key roles in his administration so far,https://twitter.com/PostGraphics/status/1387858089391558656/photo/1
359,postgraphics,2020 Census shows U.S. population grew at slowest pace since the 1930s,https://twitter.com/washingtonpost/status/1387128024567529476/photo/1
360,postgraphics,Here's just how unequal the global coronavirus vaccine rollout has been,https://twitter.com/PostGraphics/status/1385319920104316930/photo/1
361,postgraphics,India's Covid Surge is Bringing its  Healthcare system to the Brink,https://twitter.com/PostGraphics/status/1384540914404691970/photo/1
362,postgraphics,Weekday Rail Commuting Peaks Soften Amid the Pandemic,https://twitter.com/PostGraphics
363,postgraphics,Smallest Ridership in Predominantly Black and Hispanic Communities,https://twitter.com/PostGraphics/status/1383766514277388297/photo/1
364,postgraphics,Decline in Ridership on Metrorail,https://twitter.com/PostGraphics/status/1383122111988969473/photo/1
365,postgraphics,Biden's Circuit Court Nominees,https://twitter.com/PostGraphics/status/1376974404345860102/photo/1
366,postgraphics,Vessel Traffic at the Sues Canal After Blockage,https://twitter.com/PostGraphics/status/1375288937418199040/photo/1
367,postgraphics,Unaccompanied Minors in HHS Custody by Month,https://twitter.com/AdrianBlancoR/status/1370158665727086592/photo/1
368,postgraphics,"Russia, Turkey Are Sending Fighters and Weapons into Libya, Dashing Hopes For Freedom and Democracy Prompted by Arab Spring",https://twitter.com/PostGraphics/status/1365000509577256963/photo/1
369,postgraphics,"500,000 Coronavirus Deaths Visualized: A Number Almost Too Large to Grasp",https://twitter.com/PostGraphics/status/1363553800292859905/photo/1
370,postgraphics,Who talked the most during Trump's second impeachment trial,https://twitter.com/PostGraphics/status/1361087847994908678/photo/1
371,postgraphics,Biden Cabinet Secretaries' Comfirmation So Far,https://twitter.com/PostGraphics/status/1356715459618484224/photo/1
372,postgraphics,Mexico's Disappeared Since 2006,https://twitter.com/PostGraphics/status/1336099904519888897/photo/1
373,postgraphics,Counties Where Turnout Increased At Least Seven Percentage Points,https://twitter.com/PostGraphics/status/1333561631943634944/photo/1
374,postgraphics,20 million Americans didn't vote in 2016's closest battlegrounds,https://twitter.com/PostGraphics/status/1323405807107612673/photo/1
375,postgraphics,Segregated from opportunity,https://twitter.com/PostGraphics/status/1317489174816165889/photo/1
376,postgraphics,Major Remittance Flows Across the Globe,https://twitter.com/PostGraphics/status/1312845872158441472/photo/1
377,postgraphics,Major Remittance Flows to India in 2019,https://twitter.com/PostGraphics/status/1311784619436658693/photo/1
378,postgraphics,The volume has been turned up on everything: Pandemic places alarming pressure on transgender mental health,https://twitter.com/PostGraphics/status/1295836405546078218/photo/1
379,postgraphics,"Covid-19's Toll Felt Around The Country as Deaths Reach 150,000",https://twitter.com/PostGraphics/status/1289553583306706944/photo/1
380,postgraphics,Covid-19 Continues to Cause 1 out of Every 5 Deaths Among Hispanic and Native Americans,https://twitter.com/PostGraphics/status/1289328181489655816/photo/1
381,postgraphics,Spike Protein Mutation Takes Over,https://twitter.com/PostGraphics/status/1277694119729602560/photo/1
382,postgraphics,Where Cases Are Spiking,https://twitter.com/PostGraphics/status/1271084892223389696/photo/1
383,visme,Marketing Budget,https://www.visme.co/templates/charts/
384,visme,Computer Sales,https://www.visme.co/templates/charts/
385,visme,Website Visitor Trend,https://www.visme.co/templates/charts/
386,infogram,Gunnison Valley Economic Recovery Dashboard,https://infogram.com/gunni-dashboard-v03-1hkv2nr3ypkp4x3
387,infogram,Gunnison Valley Economic Recovery Dashboard,https://infogram.com/gunni-dashboard-v03-1hkv2nr3ypkp4x3
388,infogram,Gunnison Valley Economic Recovery Dashboard,https://infogram.com/gunni-dashboard-v03-1hkv2nr3ypkp4x3
389,infogram,Statsministerens nyttarstale,https://infogram.com/52e8d58c-8448-4150-959e-6b4202542e23
390,nytimes,Japan's Low Vaccination Rate,https://www.nytimes.com/interactive/2021/06/23/world/asia/japan-coronavirus-olympics.html
391,nyt graphics,A History of the Detainee Population,https://twitter.com/nytgraphics/status/1395774540660215811/photo/1
392,nytimes,Propotion of Infrastructure and Family Plan,https://twitter.com/aliciaparlap/status/1387533627412697090/photo/1
393,nytimes,Congressional Seats Awarded to Each State From the 2020 Cencus,https://www.nytimes.com/interactive/2021/04/26/us/politics/congress-house-seats-census.html
394,nyt sports,"Breaking News: Gonzaga edged UCLA, 93-90, and will play Baylor for the national title",https://twitter.com/NYTSports/status/1378546586880520195/photo/1
395,propublica,How sports owners pay less taxes than athletes,https://flowingdata.com/2021/07/08/how-sports-owners-pay-less-taxes-than-athletes/
396,washingtonpost,How Big Tech got so big:Hundreds of acquisitions,https://www.washingtonpost.com/technology/interactive/2021/amazon-apple-facebook-google-acquisitions/
397,flowingdata,A Diagram of All the Batteries,https://flowingdata.com/2018/07/03/a-diagram-of-all-the-batteries/
398,flowingdata,Most Common Family Types in America,https://flowingdata.com/2016/07/20/modern-family-structure/
399,flowingdata,"Top Brewery Road Trip, Routed Algorithmically",https://flowingdata.com/2015/10/26/top-brewery-road-trip-routed-algorithmically/
400,flowingdata,In search of food deserts,https://flowingdata.com/2013/08/27/in-search-of-food-deserts/
401,massvis,,http://massvis.mit.edu/
402,massvis,,http://massvis.mit.edu/
403,massvis,,http://massvis.mit.edu/
404,massvis,,http://massvis.mit.edu/
405,massvis,,http://massvis.mit.edu/
406,massvis,,http://massvis.mit.edu/
407,massvis,,http://massvis.mit.edu/
408,massvis,,http://massvis.mit.edu/
409,massvis,,http://massvis.mit.edu/
410,massvis,,http://massvis.mit.edu/
411,massvis,,http://massvis.mit.edu/
412,massvis,,http://massvis.mit.edu/
413,massvis,,http://massvis.mit.edu/
414,massvis,,http://massvis.mit.edu/
415,massvis,,http://massvis.mit.edu/
416,massvis,,http://massvis.mit.edu/
417,massvis,,http://massvis.mit.edu/
418,massvis,,http://massvis.mit.edu/
419,massvis,,http://massvis.mit.edu/
420,massvis,,http://massvis.mit.edu/
421,massvis,,http://massvis.mit.edu/
422,massvis,,http://massvis.mit.edu/
423,massvis,,http://massvis.mit.edu/
424,massvis,,http://massvis.mit.edu/
425,massvis,,http://massvis.mit.edu/
426,massvis,,http://massvis.mit.edu/
427,massvis,,http://massvis.mit.edu/
428,massvis,,http://massvis.mit.edu/
429,massvis,,http://massvis.mit.edu/
430,massvis,,http://massvis.mit.edu/
431,massvis,,http://massvis.mit.edu/
432,massvis,,http://massvis.mit.edu/
433,massvis,,http://massvis.mit.edu/
434,massvis,,http://massvis.mit.edu/
435,massvis,,http://massvis.mit.edu/
436,massvis,,http://massvis.mit.edu/
437,massvis,,http://massvis.mit.edu/
438,massvis,,http://massvis.mit.edu/
439,massvis,,http://massvis.mit.edu/
440,massvis,,http://massvis.mit.edu/
441,massvis,,http://massvis.mit.edu/
442,massvis,,http://massvis.mit.edu/
443,massvis,,http://massvis.mit.edu/
444,massvis,,http://massvis.mit.edu/
445,massvis,,http://massvis.mit.edu/
446,massvis,,http://massvis.mit.edu/
447,massvis,,http://massvis.mit.edu/
448,massvis,,http://massvis.mit.edu/
449,massvis,,http://massvis.mit.edu/
450,massvis,,http://massvis.mit.edu/
451,massvis,,http://massvis.mit.edu/
452,massvis,,http://massvis.mit.edu/
453,massvis,,http://massvis.mit.edu/
454,massvis,,http://massvis.mit.edu/
455,massvis,,http://massvis.mit.edu/
456,massvis,,http://massvis.mit.edu/
457,massvis,,http://massvis.mit.edu/
458,massvis,,http://massvis.mit.edu/
459,massvis,,http://massvis.mit.edu/
460,massvis,,http://massvis.mit.edu/
461,massvis,,http://massvis.mit.edu/
462,massvis,,http://massvis.mit.edu/
463,massvis,,http://massvis.mit.edu/
464,massvis,,http://massvis.mit.edu/
465,massvis,,http://massvis.mit.edu/
466,massvis,,http://massvis.mit.edu/
467,massvis,,http://massvis.mit.edu/
468,massvis,,http://massvis.mit.edu/
469,massvis,,http://massvis.mit.edu/
470,massvis,,http://massvis.mit.edu/
471,massvis,,http://massvis.mit.edu/
472,massvis,,http://massvis.mit.edu/
473,massvis,,http://massvis.mit.edu/
474,massvis,,http://massvis.mit.edu/
475,massvis,,http://massvis.mit.edu/
476,massvis,,http://massvis.mit.edu/
477,massvis,,http://massvis.mit.edu/
478,massvis,,http://massvis.mit.edu/
479,massvis,,http://massvis.mit.edu/
480,massvis,,http://massvis.mit.edu/
481,massvis,,http://massvis.mit.edu/
482,massvis,,http://massvis.mit.edu/
483,massvis,,http://massvis.mit.edu/
484,massvis,,http://massvis.mit.edu/
485,massvis,,http://massvis.mit.edu/
486,massvis,,http://massvis.mit.edu/
487,massvis,,http://massvis.mit.edu/
488,massvis,,http://massvis.mit.edu/
489,massvis,,http://massvis.mit.edu/
490,massvis,,http://massvis.mit.edu/
491,massvis,,http://massvis.mit.edu/
492,massvis,,http://massvis.mit.edu/
493,massvis,,http://massvis.mit.edu/
494,massvis,,http://massvis.mit.edu/
495,massvis,,http://massvis.mit.edu/
496,massvis,,http://massvis.mit.edu/
497,massvis,,http://massvis.mit.edu/
498,massvis,,http://massvis.mit.edu/
499,massvis,,http://massvis.mit.edu/
500,massvis,,http://massvis.mit.edu/
501,massvis,,http://massvis.mit.edu/
502,massvis,,http://massvis.mit.edu/
503,massvis,,http://massvis.mit.edu/
504,massvis,,http://massvis.mit.edu/
505,massvis,,http://massvis.mit.edu/
506,massvis,,http://massvis.mit.edu/
507,massvis,,http://massvis.mit.edu/
508,massvis,,http://massvis.mit.edu/
509,massvis,,http://massvis.mit.edu/
510,massvis,,http://massvis.mit.edu/
511,massvis,,http://massvis.mit.edu/
512,massvis,,http://massvis.mit.edu/
513,massvis,,http://massvis.mit.edu/
514,massvis,,http://massvis.mit.edu/
515,massvis,,http://massvis.mit.edu/
516,massvis,,http://massvis.mit.edu/
517,massvis,,http://massvis.mit.edu/
518,massvis,,http://massvis.mit.edu/
519,massvis,,http://massvis.mit.edu/
520,massvis,,http://massvis.mit.edu/
521,massvis,,http://massvis.mit.edu/
522,massvis,,http://massvis.mit.edu/
523,massvis,,http://massvis.mit.edu/
524,massvis,,http://massvis.mit.edu/
525,massvis,,http://massvis.mit.edu/
526,massvis,,http://massvis.mit.edu/
527,massvis,,http://massvis.mit.edu/
528,massvis,,http://massvis.mit.edu/
529,massvis,,http://massvis.mit.edu/
530,massvis,,http://massvis.mit.edu/
531,massvis,,http://massvis.mit.edu/
532,massvis,,http://massvis.mit.edu/
533,massvis,,http://massvis.mit.edu/
534,massvis,,http://massvis.mit.edu/
535,massvis,,http://massvis.mit.edu/
536,massvis,,http://massvis.mit.edu/
537,massvis,,http://massvis.mit.edu/
538,massvis,,http://massvis.mit.edu/
539,massvis,,http://massvis.mit.edu/
540,massvis,,http://massvis.mit.edu/
541,massvis,,http://massvis.mit.edu/
542,massvis,,http://massvis.mit.edu/
543,massvis,,http://massvis.mit.edu/
544,massvis,,http://massvis.mit.edu/
545,massvis,,http://massvis.mit.edu/
546,massvis,,http://massvis.mit.edu/
547,massvis,,http://massvis.mit.edu/
548,massvis,,http://massvis.mit.edu/
549,massvis,,http://massvis.mit.edu/
550,massvis,,http://massvis.mit.edu/
551,massvis,,http://massvis.mit.edu/
552,massvis,,http://massvis.mit.edu/
553,massvis,,http://massvis.mit.edu/
554,massvis,,http://massvis.mit.edu/
555,massvis,,http://massvis.mit.edu/
556,massvis,,http://massvis.mit.edu/
557,massvis,,http://massvis.mit.edu/
558,massvis,,http://massvis.mit.edu/
559,massvis,,http://massvis.mit.edu/
560,massvis,,http://massvis.mit.edu/
