id	eg_source	eg_title	eg_link	json
1	beautifulnews	Most of the World can Now Afford Mobile Internet	http://massvis.mit.edu/	{'id':1,'eg_title':Most of the World can Now Afford Mobile Internet,'eg_source':beautifulnews,'eg_link':http://massvis.mit.edu/}
2	beautifulnews	Australia has a Mobile Shower and Laundry Service for the Homeless	http://massvis.mit.edu/	{'id':2,'eg_title':Australia has a Mobile Shower and Laundry Service for the Homeless,'eg_source':beautifulnews,'eg_link':http://massvis.mit.edu/}
3	beautifulnews	Rhino Populations Are Growing	http://massvis.mit.edu/	{'id':3,'eg_title':Rhino Populations Are Growing,'eg_source':beautifulnews,'eg_link':http://massvis.mit.edu/}
4	beautifulnews	Healthy Life Expectancy is Increasing in Almost Every Country 2000-2016	http://massvis.mit.edu/	{'id':4,'eg_title':Healthy Life Expectancy is Increasing in Almost Every Country 2000-2016,'eg_source':beautifulnews,'eg_link':http://massvis.mit.edu/}
5	beautifulnews	india's solar power capacity quadruples	http://massvis.mit.edu/	{'id':5,'eg_title':india's solar power capacity quadruples,'eg_source':beautifulnews,'eg_link':http://massvis.mit.edu/}
6	beautifulnews	No Children Died in Car Accidents	http://massvis.mit.edu/	{'id':6,'eg_title':No Children Died in Car Accidents,'eg_source':beautifulnews,'eg_link':http://massvis.mit.edu/}
7	beautifulnews	Giant Floating Baloons Will Provide Internet in Kenya	http://massvis.mit.edu/	{'id':7,'eg_title':Giant Floating Baloons Will Provide Internet in Kenya,'eg_source':beautifulnews,'eg_link':http://massvis.mit.edu/}
8	beautifulnews	Scotland Generates Enough Wind Energy to Power All Its Homes	http://massvis.mit.edu/	{'id':8,'eg_title':Scotland Generates Enough Wind Energy to Power All Its Homes,'eg_source':beautifulnews,'eg_link':http://massvis.mit.edu/}
9	beautifulnews	Soy&Oat Milk Are the Most Sustainable	http://massvis.mit.edu/	{'id':9,'eg_title':Soy&Oat Milk Are the Most Sustainable,'eg_source':beautifulnews,'eg_link':http://massvis.mit.edu/}
10	beautifulnews	UK Teen Pregnancies Hit a Record Low	http://massvis.mit.edu/	{'id':10,'eg_title':UK Teen Pregnancies Hit a Record Low,'eg_source':beautifulnews,'eg_link':http://massvis.mit.edu/}
11	beautifulnews	Livestock Fed Seaweed Emit Less Methane	http://massvis.mit.edu/	{'id':11,'eg_title':Livestock Fed Seaweed Emit Less Methane,'eg_source':beautifulnews,'eg_link':http://massvis.mit.edu/}
12	beautifulnews	Foreign Aid Has Exploded	http://massvis.mit.edu/	{'id':12,'eg_title':Foreign Aid Has Exploded,'eg_source':beautifulnews,'eg_link':http://massvis.mit.edu/}
13	beautifulnews	More Populations of Large Sea Turtles Are Improving vs Declining	http://massvis.mit.edu/	{'id':13,'eg_title':More Populations of Large Sea Turtles Are Improving vs Declining,'eg_source':beautifulnews,'eg_link':http://massvis.mit.edu/}
14	beautifulnews	After 23 months, the 2018 Ebola outbreak in DR Congo has ended	http://massvis.mit.edu/	{'id':14,'eg_title':After 23 months, the 2018 Ebola outbreak in DR Congo has ended,'eg_source':beautifulnews,'eg_link':http://massvis.mit.edu/}
15	beautifulnews	Laws to Protect Animals&Pets Are Becoming More Widespread	http://massvis.mit.edu/	{'id':15,'eg_title':Laws to Protect Animals&Pets Are Becoming More Widespread,'eg_source':beautifulnews,'eg_link':http://massvis.mit.edu/}
16	beautifulnews	The Potential of Tidal Power is Amazing	http://massvis.mit.edu/	{'id':16,'eg_title':The Potential of Tidal Power is Amazing,'eg_source':beautifulnews,'eg_link':http://massvis.mit.edu/}
17	beautifulnews	More Afghan Girls Are Being Educated	http://massvis.mit.edu/	{'id':17,'eg_title':More Afghan Girls Are Being Educated,'eg_source':beautifulnews,'eg_link':http://massvis.mit.edu/}
18	beautifulnews	Early Detection of Cervical Cancer Has Never Been So Accurate	http://massvis.mit.edu/	{'id':18,'eg_title':Early Detection of Cervical Cancer Has Never Been So Accurate,'eg_source':beautifulnews,'eg_link':http://massvis.mit.edu/}
19	beautifulnews	A Wall of Fertile Land Will Cross Africa	http://massvis.mit.edu/	{'id':19,'eg_title':A Wall of Fertile Land Will Cross Africa,'eg_source':beautifulnews,'eg_link':http://massvis.mit.edu/}
20	beautifulnews	Britain's Woodland Cover Has Returned to Medieval Levels	http://massvis.mit.edu/	{'id':20,'eg_title':Britain's Woodland Cover Has Returned to Medieval Levels,'eg_source':beautifulnews,'eg_link':http://massvis.mit.edu/}
21	beautifulnews	Renewable Energy is Untapped Energy	http://massvis.mit.edu/	{'id':21,'eg_title':Renewable Energy is Untapped Energy,'eg_source':beautifulnews,'eg_link':http://massvis.mit.edu/}
22	beautifulnews	South Korea is Solving Its Food Waste Problem	http://massvis.mit.edu/	{'id':22,'eg_title':South Korea is Solving Its Food Waste Problem,'eg_source':beautifulnews,'eg_link':http://massvis.mit.edu/}
23	beautifulnews	When Submarine Internet Cables Arrived in Africa...	http://massvis.mit.edu/	{'id':23,'eg_title':When Submarine Internet Cables Arrived in Africa...,'eg_source':beautifulnews,'eg_link':http://massvis.mit.edu/}
24	beautifulnews	US Aims to Halve Food Waste by 2030	http://massvis.mit.edu/	{'id':24,'eg_title':US Aims to Halve Food Waste by 2030,'eg_source':beautifulnews,'eg_link':http://massvis.mit.edu/}
25	beautifulnews	Sweden Sends Almost No Trash to Landfill	http://massvis.mit.edu/	{'id':25,'eg_title':Sweden Sends Almost No Trash to Landfill,'eg_source':beautifulnews,'eg_link':http://massvis.mit.edu/}
26	beautifulnews	The Response to the 2009 Swine Flu Pandemic Was the Fastest in History	http://massvis.mit.edu/	{'id':26,'eg_title':The Response to the 2009 Swine Flu Pandemic Was the Fastest in History,'eg_source':beautifulnews,'eg_link':http://massvis.mit.edu/}
27	beautifulnews	How Denmark Will Be Carbon Neutral	http://massvis.mit.edu/	{'id':27,'eg_title':How Denmark Will Be Carbon Neutral,'eg_source':beautifulnews,'eg_link':http://massvis.mit.edu/}
28	beautifulnews	Fewer Young Children in Egypt Are Dying	http://massvis.mit.edu/	{'id':28,'eg_title':Fewer Young Children in Egypt Are Dying,'eg_source':beautifulnews,'eg_link':http://massvis.mit.edu/}
29	beautifulnews	Millions of Children's Lives Have Been Saved	http://massvis.mit.edu/	{'id':29,'eg_title':Millions of Children's Lives Have Been Saved,'eg_source':beautifulnews,'eg_link':http://massvis.mit.edu/}
30	beautifulnews	New Cookstoves are Safer, Last Longer&Reduce Emissions	http://massvis.mit.edu/	{'id':30,'eg_title':New Cookstoves are Safer, Last Longer&Reduce Emissions,'eg_source':beautifulnews,'eg_link':http://massvis.mit.edu/}
31	beautifulnews	Hacking Photosynthesis to Feed Our Growing Population	http://massvis.mit.edu/	{'id':31,'eg_title':Hacking Photosynthesis to Feed Our Growing Population,'eg_source':beautifulnews,'eg_link':http://massvis.mit.edu/}
32	beautifulnews	Rice	http://massvis.mit.edu/	{'id':32,'eg_title':Rice,'eg_source':beautifulnews,'eg_link':http://massvis.mit.edu/}
33	beautifulnews	Alice, the First Commercial All-Electric Passenger Aircraft Has Landed	http://massvis.mit.edu/	{'id':33,'eg_title':Alice, the First Commercial All-Electric Passenger Aircraft Has Landed,'eg_source':beautifulnews,'eg_link':http://massvis.mit.edu/}
34	beautifulnews	The Cost of Renewables Falling Fast	http://massvis.mit.edu/	{'id':34,'eg_title':The Cost of Renewables Falling Fast,'eg_source':beautifulnews,'eg_link':http://massvis.mit.edu/}
35	beautifulnews	Major Fashion Brands Are Going Fur-Free	http://massvis.mit.edu/	{'id':35,'eg_title':Major Fashion Brands Are Going Fur-Free,'eg_source':beautifulnews,'eg_link':http://massvis.mit.edu/}
36	beautifulnews	One Million UK Women Now Work in Science tech, Engineerings&Math	http://massvis.mit.edu/	{'id':36,'eg_title':One Million UK Women Now Work in Science tech, Engineerings&Math,'eg_source':beautifulnews,'eg_link':http://massvis.mit.edu/}
37	beautifulnews	Combining Solar Panel Technologies Could Boost Energy Production by a Third	http://massvis.mit.edu/	{'id':37,'eg_title':Combining Solar Panel Technologies Could Boost Energy Production by a Third,'eg_source':beautifulnews,'eg_link':http://massvis.mit.edu/}
38	beautifulnews	New Plant-Based Plastic Bottles Will Degrade in One Year	http://massvis.mit.edu/	{'id':38,'eg_title':New Plant-Based Plastic Bottles Will Degrade in One Year,'eg_source':beautifulnews,'eg_link':http://massvis.mit.edu/}
39	beautifulnews	The US is Boosting Alzheimer's Funding	http://massvis.mit.edu/	{'id':39,'eg_title':The US is Boosting Alzheimer's Funding,'eg_source':beautifulnews,'eg_link':http://massvis.mit.edu/}
40	beautifulnews	A Global 'Green New Deal' Could Eliminate 99.7% of CO2 emissions	http://massvis.mit.edu/	{'id':40,'eg_title':A Global 'Green New Deal' Could Eliminate 99.7% of CO2 emissions,'eg_source':beautifulnews,'eg_link':http://massvis.mit.edu/}
41	beautifulnews	The Dutch city of Utrecht has covered 300 bus stops	http://massvis.mit.edu/	{'id':41,'eg_title':The Dutch city of Utrecht has covered 300 bus stops,'eg_source':beautifulnews,'eg_link':http://massvis.mit.edu/}
42	beautifulnews	75% of All the Aluminum Ever Used in the USA Has Been Recycled	http://massvis.mit.edu/	{'id':42,'eg_title':75% of All the Aluminum Ever Used in the USA Has Been Recycled,'eg_source':beautifulnews,'eg_link':http://massvis.mit.edu/}
43	beautifulnews	A New Device Can Harness Electricity from Raindrops	http://massvis.mit.edu/	{'id':43,'eg_title':A New Device Can Harness Electricity from Raindrops,'eg_source':beautifulnews,'eg_link':http://massvis.mit.edu/}
44	beautifulnews	Money Spent on Disadvantaged Kids Is a Great Long-term Investment	http://massvis.mit.edu/	{'id':44,'eg_title':Money Spent on Disadvantaged Kids Is a Great Long-term Investment,'eg_source':beautifulnews,'eg_link':http://massvis.mit.edu/}
45	beautifulnews	Fewer US Women Are Dying of Breast Cancer	http://massvis.mit.edu/	{'id':45,'eg_title':Fewer US Women Are Dying of Breast Cancer,'eg_source':beautifulnews,'eg_link':http://massvis.mit.edu/}
46	beautifulnews	Most One-Year-Olds Are Vaccinated Against Three Lethal Diseases	http://massvis.mit.edu/	{'id':46,'eg_title':Most One-Year-Olds Are Vaccinated Against Three Lethal Diseases,'eg_source':beautifulnews,'eg_link':http://massvis.mit.edu/}
47	beautifulnews	Renewable Energy Superstars	http://massvis.mit.edu/	{'id':47,'eg_title':Renewable Energy Superstars,'eg_source':beautifulnews,'eg_link':http://massvis.mit.edu/}
48	beautifulnews	It's Legal to be Homosexual in the Majority of the World's Countries	http://massvis.mit.edu/	{'id':48,'eg_title':It's Legal to be Homosexual in the Majority of the World's Countries,'eg_source':beautifulnews,'eg_link':http://massvis.mit.edu/}
49	beautifulnews	Smoking is Falling Fast in Japan	http://massvis.mit.edu/	{'id':49,'eg_title':Smoking is Falling Fast in Japan,'eg_source':beautifulnews,'eg_link':http://massvis.mit.edu/}
50	beautifulnews	Billions More Can Now Drink Safely	http://massvis.mit.edu/	{'id':50,'eg_title':Billions More Can Now Drink Safely,'eg_source':beautifulnews,'eg_link':http://massvis.mit.edu/}
51	beautifulnews	A 100�� Biodegradabie, Comfortable Sanitary Has Been Developed	http://massvis.mit.edu/	{'id':51,'eg_title':A 100�� Biodegradabie, Comfortable Sanitary Has Been Developed,'eg_source':beautifulnews,'eg_link':http://massvis.mit.edu/}
52	beautifulnews	Government buildings&infrastructure in three major Australian cities are now powered by 100% renewable energy	http://massvis.mit.edu/	{'id':52,'eg_title':Government buildings&infrastructure in three major Australian cities are now powered by 100% renewable energy,'eg_source':beautifulnews,'eg_link':http://massvis.mit.edu/}
53	beautifulnews	Mountain Gorilla Populations Are Rising	http://massvis.mit.edu/	{'id':53,'eg_title':Mountain Gorilla Populations Are Rising,'eg_source':beautifulnews,'eg_link':http://massvis.mit.edu/}
54	beautifulnews	Belize's Barrier Reef Is No Longer at Risk	http://massvis.mit.edu/	{'id':54,'eg_title':Belize's Barrier Reef Is No Longer at Risk,'eg_source':beautifulnews,'eg_link':http://massvis.mit.edu/}
55	beautifulnews	Tree Planting Has So Much Potential	http://massvis.mit.edu/	{'id':55,'eg_title':Tree Planting Has So Much Potential,'eg_source':beautifulnews,'eg_link':http://massvis.mit.edu/}
56	beautifulnews	Biodiversity is Flourishing in the Thames	http://massvis.mit.edu/	{'id':56,'eg_title':Biodiversity is Flourishing in the Thames,'eg_source':beautifulnews,'eg_link':http://massvis.mit.edu/}
57	beautifulnews	Biofortified Cassava Is Set to Transform the House of Millions	http://massvis.mit.edu/	{'id':57,'eg_title':Biofortified Cassava Is Set to Transform the House of Millions,'eg_source':beautifulnews,'eg_link':http://massvis.mit.edu/}
58	beautifulnews	In the USA, wind power is now cheaper than burning natual gas	http://massvis.mit.edu/	{'id':58,'eg_title':In the USA, wind power is now cheaper than burning natual gas,'eg_source':beautifulnews,'eg_link':http://massvis.mit.edu/}
59	beautifulnews	Countries Are Starting to Ban Fossil Fuel Vehicles	http://massvis.mit.edu/	{'id':59,'eg_title':Countries Are Starting to Ban Fossil Fuel Vehicles,'eg_source':beautifulnews,'eg_link':http://massvis.mit.edu/}
60	beautifulnews	Women Can Finally Vote Everywhere	http://massvis.mit.edu/	{'id':60,'eg_title':Women Can Finally Vote Everywhere,'eg_source':beautifulnews,'eg_link':http://massvis.mit.edu/}
61	beautifulnews	Billions More People Are Now Online	http://massvis.mit.edu/	{'id':61,'eg_title':Billions More People Are Now Online,'eg_source':beautifulnews,'eg_link':http://massvis.mit.edu/}
62	beautifulnews	Millions of Lives Have Been Saved by Vaccines in the Last 25 Years	http://massvis.mit.edu/	{'id':62,'eg_title':Millions of Lives Have Been Saved by Vaccines in the Last 25 Years,'eg_source':beautifulnews,'eg_link':http://massvis.mit.edu/}
63	beautifulnews	China Could Generate Half Its Power From Renewable By 2020	http://massvis.mit.edu/	{'id':63,'eg_title':China Could Generate Half Its Power From Renewable By 2020,'eg_source':beautifulnews,'eg_link':http://massvis.mit.edu/}
64	beautifulnews	California Initiative Breeds Infertility into Mosquitoes, Cutting Their Numbers	http://massvis.mit.edu/	{'id':64,'eg_title':California Initiative Breeds Infertility into Mosquitoes, Cutting Their Numbers,'eg_source':beautifulnews,'eg_link':http://massvis.mit.edu/}
65	beautifulnews	Trashtag Challenge Was a Huge Success	http://massvis.mit.edu/	{'id':65,'eg_title':Trashtag Challenge Was a Huge Success,'eg_source':beautifulnews,'eg_link':http://massvis.mit.edu/}
66	beautifulnews	Visionary Mexican Program Improves Health, Education, and Nutrition	http://massvis.mit.edu/	{'id':66,'eg_title':Visionary Mexican Program Improves Health, Education, and Nutrition,'eg_source':beautifulnews,'eg_link':http://massvis.mit.edu/}
67	beautifulnews	Taiwan has become the first Asian Country to Legalise Same-sex Marriage	http://massvis.mit.edu/	{'id':67,'eg_title':Taiwan has become the first Asian Country to Legalise Same-sex Marriage,'eg_source':beautifulnews,'eg_link':http://massvis.mit.edu/}
68	beautifulnews	Plastic-Eating Worms Could Tackle Trash	http://massvis.mit.edu/	{'id':68,'eg_title':Plastic-Eating Worms Could Tackle Trash,'eg_source':beautifulnews,'eg_link':http://massvis.mit.edu/}
69	beautifulnews	The Average US Citizen Now Lives Much Longer After Retirement	http://massvis.mit.edu/	{'id':69,'eg_title':The Average US Citizen Now Lives Much Longer After Retirement,'eg_source':beautifulnews,'eg_link':http://massvis.mit.edu/}
70	beautifulnews	Simple Oral Rehydration Therapy Has Saved Millions of Lives Around the World	http://massvis.mit.edu/	{'id':70,'eg_title':Simple Oral Rehydration Therapy Has Saved Millions of Lives Around the World,'eg_source':beautifulnews,'eg_link':http://massvis.mit.edu/}
71	beautifulnews	Extreme Poverty is Almost Eradicated in the East Asia&Pacific Region	http://massvis.mit.edu/	{'id':71,'eg_title':Extreme Poverty is Almost Eradicated in the East Asia&Pacific Region,'eg_source':beautifulnews,'eg_link':http://massvis.mit.edu/}
72	beautifulnews	We're Investing Twice as Much in Renewables vs Fossil Fuels	http://massvis.mit.edu/	{'id':72,'eg_title':We're Investing Twice as Much in Renewables vs Fossil Fuels,'eg_source':beautifulnews,'eg_link':http://massvis.mit.edu/}
73	beautifulnews	Global Tree Cover is Expanding	http://massvis.mit.edu/	{'id':73,'eg_title':Global Tree Cover is Expanding,'eg_source':beautifulnews,'eg_link':http://massvis.mit.edu/}
74	beautifulnews	We��ve Almost Eradicated Polio	http://massvis.mit.edu/	{'id':74,'eg_title':We��ve Almost Eradicated Polio,'eg_source':beautifulnews,'eg_link':http://massvis.mit.edu/}
75	beautifulnews	There are Already More Than 34000km of Plastic Roads in India	http://massvis.mit.edu/	{'id':75,'eg_title':There are Already More Than 34000km of Plastic Roads in India,'eg_source':beautifulnews,'eg_link':http://massvis.mit.edu/}
76	beautifulnews	Rechargeable Batteries are Getting Better	http://massvis.mit.edu/	{'id':76,'eg_title':Rechargeable Batteries are Getting Better,'eg_source':beautifulnews,'eg_link':http://massvis.mit.edu/}
77	beautifulnews	Over Two Billion More People Have Gained Access to Improved Sanitation	http://massvis.mit.edu/	{'id':77,'eg_title':Over Two Billion More People Have Gained Access to Improved Sanitation,'eg_source':beautifulnews,'eg_link':http://massvis.mit.edu/}
78	beautifulnews	Six Organic, Biodegradable Alternatives to Single-Use Plastics	http://massvis.mit.edu/	{'id':78,'eg_title':Six Organic, Biodegradable Alternatives to Single-Use Plastics,'eg_source':beautifulnews,'eg_link':http://massvis.mit.edu/}
79	beautifulnews	Wind Power Now Supplies 5% of the World's Energy, and It's Growing	http://massvis.mit.edu/	{'id':79,'eg_title':Wind Power Now Supplies 5% of the World's Energy, and It's Growing,'eg_source':beautifulnews,'eg_link':http://massvis.mit.edu/}
80	beautifulnews	The Potential of Wind Power is Amazing	http://massvis.mit.edu/	{'id':80,'eg_title':The Potential of Wind Power is Amazing,'eg_source':beautifulnews,'eg_link':http://massvis.mit.edu/}
81	beautifulnews	South Africa is Defending Its Rhinos	http://massvis.mit.edu/	{'id':81,'eg_title':South Africa is Defending Its Rhinos,'eg_source':beautifulnews,'eg_link':http://massvis.mit.edu/}
82	beautifulnews	Even A Small Portion of Fruit or Vegetables Every Day Can Prevent Diabetes	http://massvis.mit.edu/	{'id':82,'eg_title':Even A Small Portion of Fruit or Vegetables Every Day Can Prevent Diabetes,'eg_source':beautifulnews,'eg_link':http://massvis.mit.edu/}
83	beautifulnews	Oil Spills Have Decreased	http://massvis.mit.edu/	{'id':83,'eg_title':Oil Spills Have Decreased,'eg_source':beautifulnews,'eg_link':http://massvis.mit.edu/}
84	beautifulnews	Despite US Planned Withdrawal from the Paris Agreement	http://massvis.mit.edu/	{'id':84,'eg_title':Despite US Planned Withdrawal from the Paris Agreement,'eg_source':beautifulnews,'eg_link':http://massvis.mit.edu/}
85	beautifulnews	Almost Half of New Cars Sold in Norway Are Electric	http://massvis.mit.edu/	{'id':85,'eg_title':Almost Half of New Cars Sold in Norway Are Electric,'eg_source':beautifulnews,'eg_link':http://massvis.mit.edu/}
86	beautifulnews	Best in Show: The Ultimate Data Dog	http://massvis.mit.edu/	{'id':86,'eg_title':Best in Show: The Ultimate Data Dog,'eg_source':beautifulnews,'eg_link':http://massvis.mit.edu/}
87	beautifulnews	Norway Recycles Almost All of Their Plastic Bottles	http://massvis.mit.edu/	{'id':87,'eg_title':Norway Recycles Almost All of Their Plastic Bottles,'eg_source':beautifulnews,'eg_link':http://massvis.mit.edu/}
88	beautifulnews	Numerous Countries Are Banning the Use of Wild Animals in Circuses	http://massvis.mit.edu/	{'id':88,'eg_title':Numerous Countries Are Banning the Use of Wild Animals in Circuses,'eg_source':beautifulnews,'eg_link':http://massvis.mit.edu/}
89	beautifulnews	Europe Could Power the Entire World with Wind	http://massvis.mit.edu/	{'id':89,'eg_title':Europe Could Power the Entire World with Wind,'eg_source':beautifulnews,'eg_link':http://massvis.mit.edu/}
90	fivethirtyeight	Does The Road To The Stanley Cup Lead Through Florida �� Again?	http://massvis.mit.edu/	{'id':90,'eg_title':Does The Road To The Stanley Cup Lead Through Florida �� Again?,'eg_source':fivethirtyeight,'eg_link':http://massvis.mit.edu/}
91	fivethirtyeight	How Cable News Is Talking About The Protests -- And Why It Matters	http://massvis.mit.edu/	{'id':91,'eg_title':How Cable News Is Talking About The Protests -- And Why It Matters,'eg_source':fivethirtyeight,'eg_link':http://massvis.mit.edu/}
92	fivethirtyeight	Confidence Interval: Republicans Will Win Back Congress In 2022	http://massvis.mit.edu/	{'id':92,'eg_title':Confidence Interval: Republicans Will Win Back Congress In 2022,'eg_source':fivethirtyeight,'eg_link':http://massvis.mit.edu/}
93	fivethirtyeight	Women Of Color Have Always Been In Politics. Now They Are Changing Congress	http://massvis.mit.edu/	{'id':93,'eg_title':Women Of Color Have Always Been In Politics. Now They Are Changing Congress,'eg_source':fivethirtyeight,'eg_link':http://massvis.mit.edu/}
94	fivethirtyeight	Do You Buy That ... President Joe Biden Can Unite The Country? 	http://massvis.mit.edu/	{'id':94,'eg_title':Do You Buy That ... President Joe Biden Can Unite The Country? ,'eg_source':fivethirtyeight,'eg_link':http://massvis.mit.edu/}
95	fivethirtyeight	Do You Buy That ... President Joe Biden Can Unite The Country? 	http://massvis.mit.edu/	{'id':95,'eg_title':Do You Buy That ... President Joe Biden Can Unite The Country? ,'eg_source':fivethirtyeight,'eg_link':http://massvis.mit.edu/}
96	fivethirtyeight	Trump��s refusal to concede hasn��t made life easier for GOP in Georgia runoffs	http://massvis.mit.edu/	{'id':96,'eg_title':Trump��s refusal to concede hasn��t made life easier for GOP in Georgia runoffs ,'eg_source':fivethirtyeight,'eg_link':http://massvis.mit.edu/}
97	fivethirtyeight	Those suburban votes were key to putting Biden over the top	http://massvis.mit.edu/	{'id':97,'eg_title':Those suburban votes were key to putting Biden over the top,'eg_source':fivethirtyeight,'eg_link':http://massvis.mit.edu/}
98	fivethirtyeight	I buy that COVID was a factor in polls underestimating	http://massvis.mit.edu/	{'id':98,'eg_title':I buy that COVID was a factor in polls underestimating,'eg_source':fivethirtyeight,'eg_link':http://massvis.mit.edu/}
99	fivethirtyeight	What Happened To The Polls In 2016 �� And What You Should Know About Them In 2020	http://massvis.mit.edu/	{'id':99,'eg_title':What Happened To The Polls In 2016 �� And What You Should Know About Them In 2020,'eg_source':fivethirtyeight,'eg_link':http://massvis.mit.edu/}
100	fivethirtyeight	(Trump) may be discouraging turnout within his own party	http://massvis.mit.edu/	{'id':100,'eg_title':(Trump) may be discouraging turnout within his own party,'eg_source':fivethirtyeight,'eg_link':http://massvis.mit.edu/}
101	fivethirtyeight	Trump's getting into underdog territory	http://massvis.mit.edu/	{'id':101,'eg_title':Trump's getting into underdog territory,'eg_source':fivethirtyeight,'eg_link':http://massvis.mit.edu/}
102	fivethirtyeight	Biden And Sanders Are Neck And Neck In Iowa	http://massvis.mit.edu/	{'id':102,'eg_title':Biden And Sanders Are Neck And Neck In Iowa,'eg_source':fivethirtyeight,'eg_link':http://massvis.mit.edu/}
103	fivethirtyeight	Did The First Five Public Impeachment Hearings Change Anyone's Mind?	http://massvis.mit.edu/	{'id':103,'eg_title':Did The First Five Public Impeachment Hearings Change Anyone's Mind?,'eg_source':fivethirtyeight,'eg_link':http://massvis.mit.edu/}
104	fivethirtyeight	How Ricky Williams��s infamous contract got made	http://massvis.mit.edu/	{'id':104,'eg_title':How Ricky Williams��s infamous contract got made,'eg_source':fivethirtyeight,'eg_link':http://massvis.mit.edu/}
105	fivethirtyeight	Do You Buy That �� Ranked-Choice Voting Could Change The Outcome Of The NYC Mayoral Race?	http://massvis.mit.edu/	{'id':105,'eg_title':Do You Buy That �� Ranked-Choice Voting Could Change The Outcome Of The NYC Mayoral Race?,'eg_source':fivethirtyeight,'eg_link':http://massvis.mit.edu/}
106	fivethirtyeight	Republicans Can Govern Without Winning A Majority. That Threatens Our Democracy	http://massvis.mit.edu/	{'id':106,'eg_title':Republicans Can Govern Without Winning A Majority. That Threatens Our Democracy,'eg_source':fivethirtyeight,'eg_link':http://massvis.mit.edu/}
107	fivethirtyeight	Republicans Can Govern Without Winning A Majority. That Threatens Our Democracy.	http://massvis.mit.edu/	{'id':107,'eg_title':Republicans Can Govern Without Winning A Majority. That Threatens Our Democracy.,'eg_source':fivethirtyeight,'eg_link':http://massvis.mit.edu/}
108	fivethirtyeight	Republicans Can Govern Without Winning A Majority. That Threatens Our Democracy.	http://massvis.mit.edu/	{'id':108,'eg_title':Republicans Can Govern Without Winning A Majority. That Threatens Our Democracy.,'eg_source':fivethirtyeight,'eg_link':http://massvis.mit.edu/}
109	fivethirtyeight	Republicans Can Govern Without Winning A Majority. That Threatens Our Democracy.	http://massvis.mit.edu/	{'id':109,'eg_title':Republicans Can Govern Without Winning A Majority. That Threatens Our Democracy.,'eg_source':fivethirtyeight,'eg_link':http://massvis.mit.edu/}
110	fivethirtyeight	Republicans Can Govern Without Winning A Majority. That Threatens Our Democracy	http://massvis.mit.edu/	{'id':110,'eg_title':Republicans Can Govern Without Winning A Majority. That Threatens Our Democracy,'eg_source':fivethirtyeight,'eg_link':http://massvis.mit.edu/}
111	fivethirtyeight	I do not buy that the (J&J vaccine) pause was a good idea	http://massvis.mit.edu/	{'id':111,'eg_title':I do not buy that the (J&J vaccine) pause was a good idea,'eg_source':fivethirtyeight,'eg_link':http://massvis.mit.edu/}
112	fivethirtyeight	What Makes LeBron James So Great	http://massvis.mit.edu/	{'id':112,'eg_title':What Makes LeBron James So Great,'eg_source':fivethirtyeight,'eg_link':http://massvis.mit.edu/}
113	fivethirtyeight	What Makes LeBron James So Great	http://massvis.mit.edu/	{'id':113,'eg_title':What Makes LeBron James So Great,'eg_source':fivethirtyeight,'eg_link':http://massvis.mit.edu/}
114	fivethirtyeight	Don��t Believe Anything The 2020 Exit Polls Tell You 	http://massvis.mit.edu/	{'id':114,'eg_title':Don��t Believe Anything The 2020 Exit Polls Tell You ,'eg_source':fivethirtyeight,'eg_link':http://massvis.mit.edu/}
115	imb	The Last Star in the Universe �C Red Dwarfs Explained	http://massvis.mit.edu/	{'id':115,'eg_title':The Last Star in the Universe �C Red Dwarfs Explained,'eg_source':imb,'eg_link':http://massvis.mit.edu/}
116	imb	The Winners: Politics & Global	http://massvis.mit.edu/	{'id':116,'eg_title':The Winners: Politics & Global,'eg_source':imb,'eg_link':http://massvis.mit.edu/}
117	imb	Data Science vs Fake	http://massvis.mit.edu/	{'id':117,'eg_title':Data Science vs Fake,'eg_source':imb,'eg_link':http://massvis.mit.edu/}
118	imb	Noon It's Not	http://massvis.mit.edu/	{'id':118,'eg_title':Noon It's Not,'eg_source':imb,'eg_link':http://massvis.mit.edu/}
119	imb	3,121 Desperate Journeys: Exposing A Week Of Chaos Under Trump's Zero Tolerance	http://massvis.mit.edu/	{'id':119,'eg_title':3,121 Desperate Journeys: Exposing A Week Of Chaos Under Trump's Zero Tolerance,'eg_source':imb,'eg_link':http://massvis.mit.edu/}
120	imb	A Plastic Coral	http://massvis.mit.edu/	{'id':120,'eg_title':A Plastic Coral,'eg_source':imb,'eg_link':http://massvis.mit.edu/}
121	imb	Fish World	http://massvis.mit.edu/	{'id':121,'eg_title':Fish World,'eg_source':imb,'eg_link':http://massvis.mit.edu/}
122	imb	Yo Y El Mundo	http://massvis.mit.edu/	{'id':122,'eg_title':Yo Y El Mundo,'eg_source':imb,'eg_link':http://massvis.mit.edu/}
123	imb	The categories: Humanitarian / global	http://massvis.mit.edu/	{'id':123,'eg_title':The categories: Humanitarian / global,'eg_source':imb,'eg_link':http://massvis.mit.edu/}
124	imb	World Food Clock	http://massvis.mit.edu/	{'id':124,'eg_title':World Food Clock,'eg_source':imb,'eg_link':http://massvis.mit.edu/}
125	imb	Migration in the Census and in the News	http://massvis.mit.edu/	{'id':125,'eg_title':Migration in the Census and in the News,'eg_source':imb,'eg_link':http://massvis.mit.edu/}
126	imb	Data Cuisine	http://massvis.mit.edu/	{'id':126,'eg_title':Data Cuisine,'eg_source':imb,'eg_link':http://massvis.mit.edu/}
127	imb	Here Is Europe��s Chocolate Consumption IN 2015	http://massvis.mit.edu/	{'id':127,'eg_title':Here Is Europe��s Chocolate Consumption IN 2015,'eg_source':imb,'eg_link':http://massvis.mit.edu/}
128	imb	Rhythm of Food	http://massvis.mit.edu/	{'id':128,'eg_title':Rhythm of Food,'eg_source':imb,'eg_link':http://massvis.mit.edu/}
129	imb	The ��uh�� versus ��um�� map of America	http://massvis.mit.edu/	{'id':129,'eg_title':The ��uh�� versus ��um�� map of America,'eg_source':imb,'eg_link':http://massvis.mit.edu/}
130	quartz	We��re running out of room on the ��And Counting�� t-shirt to add all the unarmed black people killed by cops in America	http://massvis.mit.edu/	{'id':130,'eg_title':We��re running out of room on the ��And Counting�� t-shirt to add all the unarmed black people killed by cops in America,'eg_source':quartz,'eg_link':http://massvis.mit.edu/}
131	reuters	A box-office juggernaut, the MCU is the highest-grossing film franchise of all time.	http://massvis.mit.edu/	{'id':131,'eg_title':A box-office juggernaut, the MCU is the highest-grossing film franchise of all time.,'eg_source':reuters,'eg_link':http://massvis.mit.edu/}
132	reuters	Sea Level Rise By The Numbers	http://massvis.mit.edu/	{'id':132,'eg_title':Sea Level Rise By The Numbers,'eg_source':reuters,'eg_link':http://massvis.mit.edu/}
133	reuters	Talking heads	http://massvis.mit.edu/	{'id':133,'eg_title':Talking heads,'eg_source':reuters,'eg_link':http://massvis.mit.edu/}
134	reuters	The Original Avengers	http://massvis.mit.edu/	{'id':134,'eg_title':The Original Avengers,'eg_source':reuters,'eg_link':http://massvis.mit.edu/}
135	reuters	Super League shakeup	http://massvis.mit.edu/	{'id':135,'eg_title':Super League shakeup,'eg_source':reuters,'eg_link':http://massvis.mit.edu/}
136	reuters	51% of Americans approve of the president	http://massvis.mit.edu/	{'id':136,'eg_title':51% of Americans approve of the president,'eg_source':reuters,'eg_link':http://massvis.mit.edu/}
137	reuters	Counting The Cost in Gaza	http://massvis.mit.edu/	{'id':137,'eg_title':Counting The Cost in Gaza,'eg_source':reuters,'eg_link':http://massvis.mit.edu/}
138	reuters	Counting The Cost in Gaza	http://massvis.mit.edu/	{'id':138,'eg_title':Counting The Cost in Gaza,'eg_source':reuters,'eg_link':http://massvis.mit.edu/}
139	reuters	The Forgotten Events	http://massvis.mit.edu/	{'id':139,'eg_title':The Forgotten Events,'eg_source':reuters,'eg_link':http://massvis.mit.edu/}
140	reuters	Voting Highs	http://massvis.mit.edu/	{'id':140,'eg_title':Voting Highs,'eg_source':reuters,'eg_link':http://massvis.mit.edu/}
141	reuters	Reading The Brexit Tea Leaves	http://massvis.mit.edu/	{'id':141,'eg_title':Reading The Brexit Tea Leaves,'eg_source':reuters,'eg_link':http://massvis.mit.edu/}
142	reuters	A Decade of Peace Shattered	http://massvis.mit.edu/	{'id':142,'eg_title':A Decade of Peace Shattered,'eg_source':reuters,'eg_link':http://massvis.mit.edu/}
143	reuters	A Decade of Peace Shattered	http://massvis.mit.edu/	{'id':143,'eg_title':A Decade of Peace Shattered,'eg_source':reuters,'eg_link':http://massvis.mit.edu/}
144	reuters	The Figures Behind the Faces	http://massvis.mit.edu/	{'id':144,'eg_title':The Figures Behind the Faces,'eg_source':reuters,'eg_link':http://massvis.mit.edu/}
145	reuters	The Figures Behind the Faces	http://massvis.mit.edu/	{'id':145,'eg_title':The Figures Behind the Faces,'eg_source':reuters,'eg_link':http://massvis.mit.edu/}
146	reuters	The Figures Behind the Faces	http://massvis.mit.edu/	{'id':146,'eg_title':The Figures Behind the Faces,'eg_source':reuters,'eg_link':http://massvis.mit.edu/}
147	reuters	Comparing Outbreaks	http://massvis.mit.edu/	{'id':147,'eg_title':Comparing Outbreaks,'eg_source':reuters,'eg_link':http://massvis.mit.edu/}
148	reuters	The Race Gap: How U.S. Systemic Racism Plays Out in Black Lives	http://massvis.mit.edu/	{'id':148,'eg_title':The Race Gap: How U.S. Systemic Racism Plays Out in Black Lives,'eg_source':reuters,'eg_link':http://massvis.mit.edu/#student-loans}
149	reuters	The Race Gap: How U.S. Systemic Racism Plays Out in Black Lives	http://massvis.mit.edu/	{'id':149,'eg_title':The Race Gap: How U.S. Systemic Racism Plays Out in Black Lives,'eg_source':reuters,'eg_link':http://massvis.mit.edu/#the-justice-system}
150	reuters	The Race Gap: How U.S. Systemic Racism Plays Out in Black Lives	http://massvis.mit.edu/	{'id':150,'eg_title':The Race Gap: How U.S. Systemic Racism Plays Out in Black Lives,'eg_source':reuters,'eg_link':http://massvis.mit.edu/#homeownership}
151	reuters	The Race Gap: How U.S. Systemic Racism Plays Out in Black Lives	http://massvis.mit.edu/	{'id':151,'eg_title':The Race Gap: How U.S. Systemic Racism Plays Out in Black Lives,'eg_source':reuters,'eg_link':http://massvis.mit.edu/#life-expectancy}
152	reuters	How Powerful was the Beirut Blast?	http://massvis.mit.edu/	{'id':152,'eg_title':How Powerful was the Beirut Blast?,'eg_source':reuters,'eg_link':http://massvis.mit.edu/}
153	reuters	Collision Course	http://massvis.mit.edu/	{'id':153,'eg_title':Collision Course,'eg_source':reuters,'eg_link':http://massvis.mit.edu/}
154	reuters	Understanding Brexit: The Event that Led to UK to a Brexit Impasse	http://massvis.mit.edu/	{'id':154,'eg_title':Understanding Brexit: The Event that Led to UK to a Brexit Impasse,'eg_source':reuters,'eg_link':http://massvis.mit.edu/}
155	reuters	How Joe Biden Won the U.S. Presidential Election	http://massvis.mit.edu/	{'id':155,'eg_title':How Joe Biden Won the U.S. Presidential Election,'eg_source':reuters,'eg_link':http://massvis.mit.edu/}
156	reuters	Speed and Trust	http://massvis.mit.edu/	{'id':156,'eg_title':Speed and Trust,'eg_source':reuters,'eg_link':http://massvis.mit.edu/}
157	reuters	Cannabis Entrepreneurs, Celebrity Investors Light Up as Legalization Blooms	http://massvis.mit.edu/	{'id':157,'eg_title':Cannabis Entrepreneurs, Celebrity Investors Light Up as Legalization Blooms,'eg_source':reuters,'eg_link':http://massvis.mit.edu/}
158	reuters	The Fed Shifts Into Neutral	http://massvis.mit.edu/	{'id':158,'eg_title':The Fed Shifts Into Neutral,'eg_source':reuters,'eg_link':http://massvis.mit.edu/}
159	reuters	Apple Hits $1 Trillion Stock Valuation	http://massvis.mit.edu/	{'id':159,'eg_title':Apple Hits $1 Trillion Stock Valuation,'eg_source':reuters,'eg_link':http://massvis.mit.edu/}
160	reuters	What If All The Ice Melted?	http://massvis.mit.edu/	{'id':160,'eg_title':What If All The Ice Melted?,'eg_source':reuters,'eg_link':http://massvis.mit.edu/}
161	the guardian	Premier League summer transfers 2015 �C in numbers	http://massvis.mit.edu/	{'id':161,'eg_title':Premier League summer transfers 2015 �C in numbers,'eg_source':the guardian,'eg_link':http://massvis.mit.edu/}
162	the guardian	When Will Your Parents Die? The Factors That Make the Difference in America	http://massvis.mit.edu/	{'id':162,'eg_title':When Will Your Parents Die? The Factors That Make the Difference in America,'eg_source':the guardian,'eg_link':http://massvis.mit.edu/}
163	the guardian	Data Reveals Australia��s New International Arrivals Cap Is Harshest Yet	http://massvis.mit.edu/	{'id':163,'eg_title':Data Reveals Australia��s New International Arrivals Cap Is Harshest Yet,'eg_source':the guardian,'eg_link':http://massvis.mit.edu/}
164	the guardian	Italy Crush England��s Dreams After Winning Euro 2020 On Penalties	http://massvis.mit.edu/	{'id':164,'eg_title':Italy Crush England��s Dreams After Winning Euro 2020 On Penalties,'eg_source':the guardian,'eg_link':http://massvis.mit.edu/}
165	the guardian	Ugandan Minister Blames West For Covid Vaccine Shortage	http://massvis.mit.edu/	{'id':165,'eg_title':Ugandan Minister Blames West For Covid Vaccine Shortage,'eg_source':the guardian,'eg_link':http://massvis.mit.edu/}
166	the guardian	��They Will Never Let Go��: Isis Fighters Regroup In the Heart of Iraq	http://massvis.mit.edu/	{'id':166,'eg_title':��They Will Never Let Go��: Isis Fighters Regroup In the Heart of Iraq,'eg_source':the guardian,'eg_link':http://massvis.mit.edu/}
167	the pudding	The Emotional GIF Range of Celebs	http://massvis.mit.edu/	{'id':167,'eg_title':The Emotional GIF Range of Celebs,'eg_source':the pudding,'eg_link':http://massvis.mit.edu/}
168	the pudding	The Timing of Baby Making	http://massvis.mit.edu/	{'id':168,'eg_title':The Timing of Baby Making,'eg_source':the pudding,'eg_link':http://massvis.mit.edu/}
169	the pudding	How Many Artists Overshadow Their Band After Going Solo?	http://massvis.mit.edu/	{'id':169,'eg_title':How Many Artists Overshadow Their Band After Going Solo?,'eg_source':the pudding,'eg_link':http://massvis.mit.edu/}
170	the pudding	Every Time Someone Says ��cool�� in Community	http://massvis.mit.edu/	{'id':170,'eg_title':Every Time Someone Says ��cool�� in Community,'eg_source':the pudding,'eg_link':http://massvis.mit.edu/}
171	the pudding	Film Or Digital?	http://massvis.mit.edu/	{'id':171,'eg_title':Film Or Digital?,'eg_source':the pudding,'eg_link':http://massvis.mit.edu/}
172	the pudding	The Structure of Stand-Up Comedy	http://massvis.mit.edu/	{'id':172,'eg_title':The Structure of Stand-Up Comedy,'eg_source':the pudding,'eg_link':http://massvis.mit.edu/}
173	the pudding	The Structure of Stand-Up Comedy	http://massvis.mit.edu/	{'id':173,'eg_title':The Structure of Stand-Up Comedy,'eg_source':the pudding,'eg_link':http://massvis.mit.edu/}
174	the pudding	Listen to Her:Gender on This American Life	http://massvis.mit.edu/	{'id':174,'eg_title':Listen to Her:Gender on This American Life,'eg_source':the pudding,'eg_link':http://massvis.mit.edu/}
175	the pudding	Listen to Her:Gender on This American Life	http://massvis.mit.edu/	{'id':175,'eg_title':Listen to Her:Gender on This American Life,'eg_source':the pudding,'eg_link':http://massvis.mit.edu/}
176	the pudding	Listen to Her:Gender on This American Life	http://massvis.mit.edu/	{'id':176,'eg_title':Listen to Her:Gender on This American Life,'eg_source':the pudding,'eg_link':http://massvis.mit.edu/}
177	the pudding	She Giggles, He Gallops	http://massvis.mit.edu/	{'id':177,'eg_title':She Giggles, He Gallops,'eg_source':the pudding,'eg_link':http://massvis.mit.edu/}
178	the pudding	The Naked Truth	http://massvis.mit.edu/	{'id':178,'eg_title':The Naked Truth,'eg_source':the pudding,'eg_link':http://massvis.mit.edu/}
179	the pudding	The Naked Truth	http://massvis.mit.edu/	{'id':179,'eg_title':The Naked Truth,'eg_source':the pudding,'eg_link':http://massvis.mit.edu/}
180	the pudding	The Most Negative Characters	http://massvis.mit.edu/	{'id':180,'eg_title':The Most Negative Characters,'eg_source':the pudding,'eg_link':http://massvis.mit.edu/}
181	the pudding	A Brief History of The Past 100 YEARS	http://massvis.mit.edu/	{'id':181,'eg_title':A Brief History of The Past 100 YEARS,'eg_source':the pudding,'eg_link':http://massvis.mit.edu/}
182	the pudding	What Does the Path to Fame Look Like?	http://massvis.mit.edu/	{'id':182,'eg_title':What Does the Path to Fame Look Like?,'eg_source':the pudding,'eg_link':http://massvis.mit.edu/}
183	the pudding	What Does the Path to Fame Look Like?	http://massvis.mit.edu/	{'id':183,'eg_title':What Does the Path to Fame Look Like?,'eg_source':the pudding,'eg_link':http://massvis.mit.edu/}
184	the pudding	What Does the Path to Fame Look Like?	http://massvis.mit.edu/	{'id':184,'eg_title':What Does the Path to Fame Look Like?,'eg_source':the pudding,'eg_link':http://massvis.mit.edu/}
185	the pudding	The Birthday Paradox Experiment 	http://massvis.mit.edu/	{'id':185,'eg_title':The Birthday Paradox Experiment ,'eg_source':the pudding,'eg_link':http://massvis.mit.edu/}
186	the pudding	The Largest Vocabulary In Hip Hop	http://massvis.mit.edu/	{'id':186,'eg_title':The Largest Vocabulary In Hip Hop,'eg_source':the pudding,'eg_link':http://massvis.mit.edu/}
187	the pudding	Human Terrain	http://massvis.mit.edu/	{'id':187,'eg_title':Human Terrain,'eg_source':the pudding,'eg_link':http://massvis.mit.edu/}
188	the pudding	Human Terrain	http://massvis.mit.edu/	{'id':188,'eg_title':Human Terrain,'eg_source':the pudding,'eg_link':http://massvis.mit.edu/}
189	the pudding	Women's Pockets are Inferior.	http://massvis.mit.edu/	{'id':189,'eg_title':Women's Pockets are Inferior.,'eg_source':the pudding,'eg_link':http://massvis.mit.edu/}
190	the pudding	Get Out Of Your Geographic Music Bubble	http://massvis.mit.edu/	{'id':190,'eg_title':Get Out Of Your Geographic Music Bubble,'eg_source':the pudding,'eg_link':http://massvis.mit.edu/}
191	the pudding	How Many High School Stars Make it in the NBA?	http://massvis.mit.edu/	{'id':191,'eg_title':How Many High School Stars Make it in the NBA?,'eg_source':the pudding,'eg_link':http://massvis.mit.edu/}
192	the pudding	The Historical Cost of Light	http://massvis.mit.edu/	{'id':192,'eg_title':The Historical Cost of Light,'eg_source':the pudding,'eg_link':http://massvis.mit.edu/}
193	the pudding	How Officer Complaints Are Investigated: A Case Study of Philadelphia Police	http://massvis.mit.edu/	{'id':193,'eg_title':How Officer Complaints Are Investigated: A Case Study of Philadelphia Police,'eg_source':the pudding,'eg_link':http://massvis.mit.edu/}
194	the pudding	How Officer Complaints Are Investigated: A Case Study of Philadelphia Police	http://massvis.mit.edu/	{'id':194,'eg_title':How Officer Complaints Are Investigated: A Case Study of Philadelphia Police,'eg_source':the pudding,'eg_link':http://massvis.mit.edu/}
195	the pudding	How Officer Complaints Are Investigated: A Case Study of Philadelphia Police	http://massvis.mit.edu/	{'id':195,'eg_title':How Officer Complaints Are Investigated: A Case Study of Philadelphia Police,'eg_source':the pudding,'eg_link':http://massvis.mit.edu/}
196	the pudding	How Rigid Is The Middle Class in The US, Really?	http://massvis.mit.edu/	{'id':196,'eg_title':How Rigid Is The Middle Class in The US, Really?,'eg_source':the pudding,'eg_link':http://massvis.mit.edu/}
197	the pudding	How Rigid Is The Middle Class in The US, Really?	http://massvis.mit.edu/	{'id':197,'eg_title':How Rigid Is The Middle Class in The US, Really?,'eg_source':the pudding,'eg_link':http://massvis.mit.edu/}
198	the pudding	The Kim Foxx Effect	http://massvis.mit.edu/	{'id':198,'eg_title':The Kim Foxx Effect,'eg_source':the pudding,'eg_link':http://massvis.mit.edu/}
199	the pudding	The Kim Foxx Effect	http://massvis.mit.edu/	{'id':199,'eg_title':The Kim Foxx Effect,'eg_source':the pudding,'eg_link':http://massvis.mit.edu/}
200	the pudding	The Kim Foxx Effect	http://massvis.mit.edu/	{'id':200,'eg_title':The Kim Foxx Effect,'eg_source':the pudding,'eg_link':http://massvis.mit.edu/}
201	the pudding	The Language Of Congress	http://massvis.mit.edu/	{'id':201,'eg_title':The Language Of Congress,'eg_source':the pudding,'eg_link':http://massvis.mit.edu/}
202	the pudding	The Good, the Rad, and the Gnarly	http://massvis.mit.edu/	{'id':202,'eg_title':The Good, the Rad, and the Gnarly,'eg_source':the pudding,'eg_link':http://massvis.mit.edu/}
203	the pudding	The Good, the Rad, and the Gnarly	http://massvis.mit.edu/	{'id':203,'eg_title':The Good, the Rad, and the Gnarly,'eg_source':the pudding,'eg_link':http://massvis.mit.edu/}
204	the pudding	One-Hit Wonders in Sports	http://massvis.mit.edu/	{'id':204,'eg_title':One-Hit Wonders in Sports,'eg_source':the pudding,'eg_link':http://massvis.mit.edu/}
205	the pudding	One-Hit Wonders in Sports	http://massvis.mit.edu/	{'id':205,'eg_title':One-Hit Wonders in Sports,'eg_source':the pudding,'eg_link':http://massvis.mit.edu/}
206	the pudding	The Most Common Contraceptive Combinations	http://massvis.mit.edu/	{'id':206,'eg_title':The Most Common Contraceptive Combinations,'eg_source':the pudding,'eg_link':http://massvis.mit.edu/}
207	the pudding	10 Things Everyone Hates About You	http://massvis.mit.edu/	{'id':207,'eg_title':10 Things Everyone Hates About You,'eg_source':the pudding,'eg_link':http://massvis.mit.edu/}
208	the pudding	10 Things Everyone Hates About You	http://massvis.mit.edu/	{'id':208,'eg_title':10 Things Everyone Hates About You,'eg_source':the pudding,'eg_link':http://massvis.mit.edu/}
209	the pudding	10 Things Everyone Hates About You	http://massvis.mit.edu/	{'id':209,'eg_title':10 Things Everyone Hates About You,'eg_source':the pudding,'eg_link':http://massvis.mit.edu/}
210	the pudding	Craft beer �� so hot right now. But what city is the microbrew capital of the US?	http://massvis.mit.edu/	{'id':210,'eg_title':Craft beer �� so hot right now. But what city is the microbrew capital of the US?,'eg_source':the pudding,'eg_link':http://massvis.mit.edu/}
211	the pudding	Free Willy and Flipper by the Numbers	http://massvis.mit.edu/	{'id':211,'eg_title':Free Willy and Flipper by the Numbers,'eg_source':the pudding,'eg_link':http://massvis.mit.edu/}
212	unicef	Children and the Sustainable Development Goals.	http://massvis.mit.edu/	{'id':212,'eg_title':Children and the Sustainable Development Goals.,'eg_source':unicef,'eg_link':http://massvis.mit.edu/}
213	unicef	Children and the Sustainable Development Goals.	http://massvis.mit.edu/	{'id':213,'eg_title':Children and the Sustainable Development Goals.,'eg_source':unicef,'eg_link':http://massvis.mit.edu/}
214	unicef	Together Against Coronavirus. UNICEF continues to deliver professional protective supplies to Armenia	http://massvis.mit.edu/	{'id':214,'eg_title':Together Against Coronavirus. UNICEF continues to deliver professional protective supplies to Armenia,'eg_source':unicef,'eg_link':http://massvis.mit.edu/}
215	unicef	World Toilet Day	http://massvis.mit.edu/	{'id':215,'eg_title':World Toilet Day,'eg_source':unicef,'eg_link':http://massvis.mit.edu/}
216	unicef	The Practice of Handwashing with Soap in India in not wide spread	http://massvis.mit.edu/	{'id':216,'eg_title':The Practice of Handwashing with Soap in India in not wide spread,'eg_source':unicef,'eg_link':http://massvis.mit.edu/}
217	unicef	Levels and Trends in Child Malnutrition	http://massvis.mit.edu/	{'id':217,'eg_title':Levels and Trends in Child Malnutrition,'eg_source':unicef,'eg_link':http://massvis.mit.edu/}
218	vox	Why you can't compare Covid-19 vaccines	http://massvis.mit.edu/	{'id':218,'eg_title':Why you can't compare Covid-19 vaccines,'eg_source':vox,'eg_link':http://massvis.mit.edu/}
219	vox	Texas's power disaster is a warning sign for the US	http://massvis.mit.edu/	{'id':219,'eg_title':Texas's power disaster is a warning sign for the US,'eg_source':vox,'eg_link':http://massvis.mit.edu/}
220	vox	Texas's power disaster is a warning sign for the US	http://massvis.mit.edu/	{'id':220,'eg_title':Texas's power disaster is a warning sign for the US,'eg_source':vox,'eg_link':http://massvis.mit.edu/}
221	vox	How the rich avoid paying taxes	http://massvis.mit.edu/	{'id':221,'eg_title':How the rich avoid paying taxes,'eg_source':vox,'eg_link':http://massvis.mit.edu/}
222	vox	How the rich avoid paying taxes	http://massvis.mit.edu/	{'id':222,'eg_title':How the rich avoid paying taxes,'eg_source':vox,'eg_link':http://massvis.mit.edu/}
223	vox	How the rich avoid paying taxes	http://massvis.mit.edu/	{'id':223,'eg_title':How the rich avoid paying taxes,'eg_source':vox,'eg_link':http://massvis.mit.edu/}
224	vox	How the rich avoid paying taxes	http://massvis.mit.edu/	{'id':224,'eg_title':How the rich avoid paying taxes,'eg_source':vox,'eg_link':http://massvis.mit.edu/}
225	vox	The Electoral College, explained	http://massvis.mit.edu/	{'id':225,'eg_title':The Electoral College, explained,'eg_source':vox,'eg_link':http://massvis.mit.edu/}
226	vox	The Electoral College, explained	http://massvis.mit.edu/	{'id':226,'eg_title':The Electoral College, explained,'eg_source':vox,'eg_link':http://massvis.mit.edu/}
227	vox	The Electoral College, explained	http://massvis.mit.edu/	{'id':227,'eg_title':The Electoral College, explained,'eg_source':vox,'eg_link':http://massvis.mit.edu/}
228	wsj	South and West to Gain Power in House of Representatives, Expected to Favor Republicans	http://massvis.mit.edu/	{'id':228,'eg_title':South and West to Gain Power in House of Representatives, Expected to Favor Republicans,'eg_source':wsj,'eg_link':http://massvis.mit.edu/}
229	wsj	Joe Biden will be the next president of the United States after crossing 270 electoral votes	http://massvis.mit.edu/	{'id':229,'eg_title':Joe Biden will be the next president of the United States after crossing 270 electoral votes,'eg_source':wsj,'eg_link':http://massvis.mit.edu/}
230	wsj	Less Savings, More Debt: How Chinese Manage Money American-Style, in 17 Charts	http://massvis.mit.edu/	{'id':230,'eg_title':Less Savings, More Debt: How Chinese Manage Money American-Style, in 17 Charts,'eg_source':wsj,'eg_link':http://massvis.mit.edu/}
231	wsj	Older Voters in Florida Could Be Key to the 2020 Election	http://massvis.mit.edu/	{'id':231,'eg_title':Older Voters in Florida Could Be Key to the 2020 Election,'eg_source':wsj,'eg_link':http://massvis.mit.edu/}
232	wsj	Floating Giant	http://massvis.mit.edu/	{'id':232,'eg_title':Floating Giant,'eg_source':wsj,'eg_link':http://massvis.mit.edu/}
233	wsj	Mobile Phone Signal U.S. Troop Movements	http://massvis.mit.edu/	{'id':233,'eg_title':Mobile Phone Signal U.S. Troop Movements,'eg_source':wsj,'eg_link':http://massvis.mit.edu/}
234	wsj	Coinbase CEO Takes Crypto Exchange Public After Bringing Bitcoin to Masses	http://massvis.mit.edu/	{'id':234,'eg_title':Coinbase CEO Takes Crypto Exchange Public After Bringing Bitcoin to Masses,'eg_source':wsj,'eg_link':http://massvis.mit.edu/}
235	wsj	Pfizer, BioNTech Covid-19 Vaccine Is Authorized in the U.S.	http://massvis.mit.edu/	{'id':235,'eg_title':Pfizer, BioNTech Covid-19 Vaccine Is Authorized in the U.S.,'eg_source':wsj,'eg_link':http://massvis.mit.edu/}
236	wsj	Key Features of the Spike Protein	http://massvis.mit.edu/	{'id':236,'eg_title':Key Features of the Spike Protein,'eg_source':wsj,'eg_link':http://massvis.mit.edu/}
237	wsj	Pfizer, BioNTech Covid-19 Vaccine Is Authorized in the U.S.	http://massvis.mit.edu/	{'id':237,'eg_title':Pfizer, BioNTech Covid-19 Vaccine Is Authorized in the U.S.,'eg_source':wsj,'eg_link':http://massvis.mit.edu/}
238	economist	Our house-price forecast expects the global rally to lose steam	http://massvis.mit.edu/	{'id':238,'eg_title':Our house-price forecast expects the global rally to lose steam,'eg_source':economist,'eg_link':http://massvis.mit.edu/}
239	economist	The jumbo traffic jam on the Suez Canal	http://massvis.mit.edu/	{'id':239,'eg_title':The jumbo traffic jam on the Suez Canal,'eg_source':economist,'eg_link':http://massvis.mit.edu/}
240	economist	Data on inbred nobles support a leader-driven theory of history	http://massvis.mit.edu/	{'id':240,'eg_title':Data on inbred nobles support a leader-driven theory of history,'eg_source':economist,'eg_link':http://massvis.mit.edu/}
241	economist	The Trump administration takes grey wolves off the endangered list	http://massvis.mit.edu/	{'id':241,'eg_title':The Trump administration takes grey wolves off the endangered list,'eg_source':economist,'eg_link':http://massvis.mit.edu/}
242	economist	The US 2020 election results	http://massvis.mit.edu/	{'id':242,'eg_title':The US 2020 election results,'eg_source':economist,'eg_link':http://massvis.mit.edu/}
243	economist	Postal voting could put America��s Democrats at a disadvantage	http://massvis.mit.edu/	{'id':243,'eg_title':Postal voting could put America��s Democrats at a disadvantage,'eg_source':economist,'eg_link':http://massvis.mit.edu/}
244	economist	Some rich people are getting even richer during the pandemic	http://massvis.mit.edu/	{'id':244,'eg_title':Some rich people are getting even richer during the pandemic,'eg_source':economist,'eg_link':http://massvis.mit.edu/}
245	economist	Engineers, not racers, are the true drivers of success in motor sport	http://massvis.mit.edu/	{'id':245,'eg_title':Engineers, not racers, are the true drivers of success in motor sport,'eg_source':economist,'eg_link':http://massvis.mit.edu/}
246	economist	Diseases like covid-19 are deadlier in non-democracies	http://massvis.mit.edu/	{'id':246,'eg_title':Diseases like covid-19 are deadlier in non-democracies,'eg_source':economist,'eg_link':http://massvis.mit.edu/}
247	economist	A new study suggests that street gangs inflict broad economic harm	http://massvis.mit.edu/	{'id':247,'eg_title':A new study suggests that street gangs inflict broad economic harm,'eg_source':economist,'eg_link':http://massvis.mit.edu/}
248	economist	Why friends like sloppily wrapped gifts	http://massvis.mit.edu/	{'id':248,'eg_title':Why friends like sloppily wrapped gifts,'eg_source':economist,'eg_link':http://massvis.mit.edu/}
249	economist	Covid-19 vaccine donations have yet to take off	http://massvis.mit.edu/	{'id':249,'eg_title':Covid-19 vaccine donations have yet to take off,'eg_source':economist,'eg_link':http://massvis.mit.edu/}
250	economist	Societies change their minds faster than people do	http://massvis.mit.edu/	{'id':250,'eg_title':Societies change their minds faster than people do,'eg_source':economist,'eg_link':http://massvis.mit.edu/}
251	economist	Do safe-injection sites work?	http://massvis.mit.edu/	{'id':251,'eg_title':Do safe-injection sites work?,'eg_source':economist,'eg_link':http://massvis.mit.edu/}
252	economist	David Cameron is Britain��s most disliked politician	http://massvis.mit.edu/	{'id':252,'eg_title':David Cameron is Britain��s most disliked politician,'eg_source':economist,'eg_link':http://massvis.mit.edu/}
253	economist	Donald Trump��s dim decision to scrap Obama-era lightbulb rules	http://massvis.mit.edu/	{'id':253,'eg_title':Donald Trump��s dim decision to scrap Obama-era lightbulb rules,'eg_source':economist,'eg_link':http://massvis.mit.edu/}
254	economist	Shipping logs show how quickly Arctic sea ice is melting	http://massvis.mit.edu/	{'id':254,'eg_title':Shipping logs show how quickly Arctic sea ice is melting,'eg_source':economist,'eg_link':http://massvis.mit.edu/}
255	economist	The global slump in press freedom	http://massvis.mit.edu/	{'id':255,'eg_title':The global slump in press freedom,'eg_source':economist,'eg_link':http://massvis.mit.edu/}
256	economist	Violent Islamist groups are gaining strength in Africa	http://massvis.mit.edu/	{'id':256,'eg_title':Violent Islamist groups are gaining strength in Africa,'eg_source':economist,'eg_link':http://massvis.mit.edu/}
257	economist	Mammoth urban clusters are sprouting up all over China	http://massvis.mit.edu/	{'id':257,'eg_title':Mammoth urban clusters are sprouting up all over China,'eg_source':economist,'eg_link':http://massvis.mit.edu/}
258	economist	80 years of summits in seven charts	http://massvis.mit.edu/	{'id':258,'eg_title':80 years of summits in seven charts,'eg_source':economist,'eg_link':http://massvis.mit.edu/}
259	economist	Billions of women are denied the same choice of employment as men	http://massvis.mit.edu/	{'id':259,'eg_title':Billions of women are denied the same choice of employment as men,'eg_source':economist,'eg_link':http://massvis.mit.edu/}
260	economist	Climate change will affect developing countries more than rich ones	http://massvis.mit.edu/	{'id':260,'eg_title':Climate change will affect developing countries more than rich ones,'eg_source':economist,'eg_link':http://massvis.mit.edu/}
261	economist	Germany is becoming more open and more fragmented	http://massvis.mit.edu/	{'id':261,'eg_title':Germany is becoming more open and more fragmented,'eg_source':economist,'eg_link':http://massvis.mit.edu/}
262	economist	Are alpha males worse investors?	http://massvis.mit.edu/	{'id':262,'eg_title':Are alpha males worse investors?,'eg_source':economist,'eg_link':http://massvis.mit.edu/}
263	economist	Three landings and a take-off	http://massvis.mit.edu/	{'id':263,'eg_title':Three landings and a take-off,'eg_source':economist,'eg_link':http://massvis.mit.edu/}
264	economist	Do safe-injection sites work?	http://massvis.mit.edu/	{'id':264,'eg_title':Do safe-injection sites work?,'eg_source':economist,'eg_link':http://massvis.mit.edu/}
265	economist	David Cameron is Britain��s most disliked politician	http://massvis.mit.edu/	{'id':265,'eg_title':David Cameron is Britain��s most disliked politician,'eg_source':economist,'eg_link':http://massvis.mit.edu/}
266	economist	Donald Trump��s dim decision to scrap Obama-era lightbulb rules	http://massvis.mit.edu/	{'id':266,'eg_title':Donald Trump��s dim decision to scrap Obama-era lightbulb rules,'eg_source':economist,'eg_link':http://massvis.mit.edu/}
267	economist	Shipping logs show how quickly Arctic sea ice is melting	http://massvis.mit.edu/	{'id':267,'eg_title':Shipping logs show how quickly Arctic sea ice is melting,'eg_source':economist,'eg_link':http://massvis.mit.edu/}
268	economist	The global slump in press freedom	http://massvis.mit.edu/	{'id':268,'eg_title':The global slump in press freedom,'eg_source':economist,'eg_link':http://massvis.mit.edu/}
269	economist	Violent Islamist groups are gaining strength in Africa	http://massvis.mit.edu/	{'id':269,'eg_title':Violent Islamist groups are gaining strength in Africa,'eg_source':economist,'eg_link':http://massvis.mit.edu/}
270	economist	Mammoth urban clusters are sprouting up all over China	http://massvis.mit.edu/	{'id':270,'eg_title':Mammoth urban clusters are sprouting up all over China,'eg_source':economist,'eg_link':http://massvis.mit.edu/}
271	economist	80 years of summits in seven charts	http://massvis.mit.edu/	{'id':271,'eg_title':80 years of summits in seven charts,'eg_source':economist,'eg_link':http://massvis.mit.edu/}
272	economist	Billions of women are denied the same choice of employment as men	http://massvis.mit.edu/	{'id':272,'eg_title':Billions of women are denied the same choice of employment as men,'eg_source':economist,'eg_link':http://massvis.mit.edu/}
273	economist	Climate change will affect developing countries more than rich ones	http://massvis.mit.edu/	{'id':273,'eg_title':Climate change will affect developing countries more than rich ones,'eg_source':economist,'eg_link':http://massvis.mit.edu/}
274	economist	Germany is becoming more open and more fragmented	http://massvis.mit.edu/	{'id':274,'eg_title':Germany is becoming more open and more fragmented,'eg_source':economist,'eg_link':http://massvis.mit.edu/}
275	economist	Are alpha males worse investors?	http://massvis.mit.edu/	{'id':275,'eg_title':Are alpha males worse investors?,'eg_source':economist,'eg_link':http://massvis.mit.edu/}
276	economist	Three landings and a take-off	http://massvis.mit.edu/	{'id':276,'eg_title':Three landings and a take-off,'eg_source':economist,'eg_link':http://massvis.mit.edu/}
277	economist	China powers ahead with a new direct-current infrastructure	http://massvis.mit.edu/	{'id':277,'eg_title':China powers ahead with a new direct-current infrastructure,'eg_source':economist,'eg_link':http://massvis.mit.edu/}
278	economist	Fidel Castro, 1926-2016	http://massvis.mit.edu/	{'id':278,'eg_title':Fidel Castro, 1926-2016,'eg_source':economist,'eg_link':http://massvis.mit.edu/}
279	economist	How to find exoplanets	http://massvis.mit.edu/	{'id':279,'eg_title':How to find exoplanets,'eg_source':economist,'eg_link':http://massvis.mit.edu/}
280	economist	A brief history of the Olympic games	http://massvis.mit.edu/	{'id':280,'eg_title':A brief history of the Olympic games,'eg_source':economist,'eg_link':http://massvis.mit.edu/}
281	economist	Characteristics of incoming British prime ministers	http://massvis.mit.edu/	{'id':281,'eg_title':Characteristics of incoming British prime ministers,'eg_source':economist,'eg_link':http://massvis.mit.edu/}
282	economist	Iraq��s deadly war	http://massvis.mit.edu/	{'id':282,'eg_title':Iraq��s deadly war,'eg_source':economist,'eg_link':http://massvis.mit.edu/}
283	economist	British military deaths	http://massvis.mit.edu/	{'id':283,'eg_title':British military deaths,'eg_source':economist,'eg_link':http://massvis.mit.edu/}
284	economist	Can tuna prices predict Japan��s GDP growth?	http://massvis.mit.edu/	{'id':284,'eg_title':Can tuna prices predict Japan��s GDP growth?,'eg_source':economist,'eg_link':http://massvis.mit.edu/}
285	economist	America��s electoral college and the popular vote	http://massvis.mit.edu/	{'id':285,'eg_title':America��s electoral college and the popular vote,'eg_source':economist,'eg_link':http://massvis.mit.edu/}
286	economist	The market for unwanted gift vouchers	http://massvis.mit.edu/	{'id':286,'eg_title':The market for unwanted gift vouchers,'eg_source':economist,'eg_link':http://massvis.mit.edu/}
287	pinterest	Barack Obama and John McCain have raised millions of dollars for their presidential campaign	http://massvis.mit.edu/	{'id':287,'eg_title':Barack Obama and John McCain have raised millions of dollars for their presidential campaign,'eg_source':pinterest,'eg_link':http://massvis.mit.edu/}
288	pinterest	American History-Alcohol 	http://massvis.mit.edu/	{'id':288,'eg_title':American History-Alcohol ,'eg_source':pinterest,'eg_link':http://massvis.mit.edu/}
289	pinterest	Weed, the People.	http://massvis.mit.edu/	{'id':289,'eg_title':Weed, the People.,'eg_source':pinterest,'eg_link':http://massvis.mit.edu/}
290	visually	Hamburgers: America's Favorate, By the Numbers	http://massvis.mit.edu/	{'id':290,'eg_title':Hamburgers: America's Favorate, By the Numbers,'eg_source':visually,'eg_link':http://massvis.mit.edu/}
291	visually	Food Profiles Of Self-Described Liberals Vs. Conservatives	http://massvis.mit.edu/	{'id':291,'eg_title':Food Profiles Of Self-Described Liberals Vs. Conservatives,'eg_source':visually,'eg_link':http://massvis.mit.edu/}
292	dailyinfographic	One Nation Under Hops	http://massvis.mit.edu/	{'id':292,'eg_title':One Nation Under Hops,'eg_source':dailyinfographic,'eg_link':http://massvis.mit.edu/}
293	dailyinfographic	A Simple Timeline of China��s Economic Development	http://massvis.mit.edu/	{'id':293,'eg_title':A Simple Timeline of China��s Economic Development,'eg_source':dailyinfographic,'eg_link':http://massvis.mit.edu/}
294	dailyinfographic	Breaking Dad	http://massvis.mit.edu/	{'id':294,'eg_title':Breaking Dad,'eg_source':dailyinfographic,'eg_link':http://massvis.mit.edu/}
295	dailyinfographic	Marvel Characters With The Highest Film Kill Counts	http://massvis.mit.edu/	{'id':295,'eg_title':Marvel Characters With The Highest Film Kill Counts,'eg_source':dailyinfographic,'eg_link':http://massvis.mit.edu/}
296	dailyinfographic	Where Are You Most Likely To Spot UFOs?	http://massvis.mit.edu/	{'id':296,'eg_title':Where Are You Most Likely To Spot UFOs?,'eg_source':dailyinfographic,'eg_link':http://massvis.mit.edu/}
297	dailyinfographic	What Do The Happiest Countries Have In Common?	http://massvis.mit.edu/	{'id':297,'eg_title':What Do The Happiest Countries Have In Common?,'eg_source':dailyinfographic,'eg_link':http://massvis.mit.edu/}
298	dailyinfographic	The 20 Most Populous Cities In The World, Ranked	http://massvis.mit.edu/	{'id':298,'eg_title':The 20 Most Populous Cities In The World, Ranked,'eg_source':dailyinfographic,'eg_link':http://massvis.mit.edu/}
299	behance	21st - Century Exodus	http://massvis.mit.edu/	{'id':299,'eg_title':21st - Century Exodus,'eg_source':behance,'eg_link':http://massvis.mit.edu/}
300	behance	Techlash? America's Growing Concern with Major Technology Companies	http://massvis.mit.edu/	{'id':300,'eg_title':Techlash? America's Growing Concern with Major Technology Companies,'eg_source':behance,'eg_link':http://massvis.mit.edu/}
301	behance	Techlash? America's Growing Concern with Major Technology Companies	http://massvis.mit.edu/	{'id':301,'eg_title':Techlash? America's Growing Concern with Major Technology Companies,'eg_source':behance,'eg_link':http://massvis.mit.edu/}
302	behance	Tiere In Zahlen	http://massvis.mit.edu/	{'id':302,'eg_title':Tiere In Zahlen,'eg_source':behance,'eg_link':http://massvis.mit.edu/}
303	behance	Tiere In Zahlen	http://massvis.mit.edu/	{'id':303,'eg_title':Tiere In Zahlen,'eg_source':behance,'eg_link':http://massvis.mit.edu/}
304	postgraphics	Colleges want students to get a coronavirus vaccine. But they��re split on requiring the shots	http://massvis.mit.edu/	{'id':304,'eg_title':Colleges want students to get a coronavirus vaccine. But they��re split on requiring the shots,'eg_source':postgraphics,'eg_link':http://massvis.mit.edu/}
305	postgraphics	2020 was the deadliest gun violence year in decades. So far, 2021 is worse.	http://massvis.mit.edu/	{'id':305,'eg_title':2020 was the deadliest gun violence year in decades. So far, 2021 is worse.,'eg_source':postgraphics,'eg_link':http://massvis.mit.edu/}
306	postgraphics	2020 was the deadliest gun violence year in decades. So far, 2021 is worse.	http://massvis.mit.edu/	{'id':306,'eg_title':2020 was the deadliest gun violence year in decades. So far, 2021 is worse.,'eg_source':postgraphics,'eg_link':http://massvis.mit.edu/}
307	postgraphics	2020 was the deadliest gun violence year in decades. So far, 2021 is worse.	http://massvis.mit.edu/	{'id':307,'eg_title':2020 was the deadliest gun violence year in decades. So far, 2021 is worse.,'eg_source':postgraphics,'eg_link':http://massvis.mit.edu/}
308	postgraphics	2020 was the deadliest gun violence year in decades. So far, 2021 is worse.	http://massvis.mit.edu/	{'id':308,'eg_title':2020 was the deadliest gun violence year in decades. So far, 2021 is worse.,'eg_source':postgraphics,'eg_link':http://massvis.mit.edu/}
309	postgraphics	The Technology 202: Biden administration full of officials who worked for prominent tech companies	http://massvis.mit.edu/	{'id':309,'eg_title':The Technology 202: Biden administration full of officials who worked for prominent tech companies,'eg_source':postgraphics,'eg_link':http://massvis.mit.edu/}
310	postgraphics	Colleges want students to get a coronavirus vaccine. But they��re split on requiring the shots	http://massvis.mit.edu/	{'id':310,'eg_title':Colleges want students to get a coronavirus vaccine. But they��re split on requiring the shots,'eg_source':postgraphics,'eg_link':http://massvis.mit.edu/}
311	postgraphics	Biden nominated as many minority women to be judges in four months as Trump had confirmed in four years	http://massvis.mit.edu/	{'id':311,'eg_title':Biden nominated as many minority women to be judges in four months as Trump had confirmed in four years,'eg_source':postgraphics,'eg_link':http://massvis.mit.edu/}
312	postgraphics	Anatomy of Japan��s joyless Olympics: A hyper-cautious bureaucracy and slow vaccine rollout	http://massvis.mit.edu/	{'id':312,'eg_title':Anatomy of Japan��s joyless Olympics: A hyper-cautious bureaucracy and slow vaccine rollout,'eg_source':postgraphics,'eg_link':http://massvis.mit.edu/}
313	postgraphics	Covid pushed millions worldwide from the middle class to poverty. One man is trying to work his way back	http://massvis.mit.edu/	{'id':313,'eg_title':Covid pushed millions worldwide from the middle class to poverty. One man is trying to work his way back,'eg_source':postgraphics,'eg_link':http://massvis.mit.edu/}
314	postgraphics	Concerns about missing work may be a barrier to coronavirus vaccination	http://massvis.mit.edu/	{'id':314,'eg_title':Concerns about missing work may be a barrier to coronavirus vaccination,'eg_source':postgraphics,'eg_link':http://massvis.mit.edu/}
315	postgraphics	Rio police were ordered to limit favela raids during the pandemic. They��re still killing hundreds of people.	http://massvis.mit.edu/	{'id':315,'eg_title':Rio police were ordered to limit favela raids during the pandemic. They��re still killing hundreds of people.,'eg_source':postgraphics,'eg_link':http://massvis.mit.edu/}
316	postgraphics	Which States Have Become America's Place to Be	http://massvis.mit.edu/	{'id':316,'eg_title':Which States Have Become America's Place to Be,'eg_source':postgraphics,'eg_link':http://massvis.mit.edu/}
317	postgraphics	NOAA unveils new U.S. climate ��normals�� that are warmer than ever	http://massvis.mit.edu/	{'id':317,'eg_title':NOAA unveils new U.S. climate ��normals�� that are warmer than ever,'eg_source':postgraphics,'eg_link':http://massvis.mit.edu/}
318	postgraphics	Joe Biden has picked 341 nominees to fill key roles in his administration so far	http://massvis.mit.edu/	{'id':318,'eg_title':Joe Biden has picked 341 nominees to fill key roles in his administration so far,'eg_source':postgraphics,'eg_link':http://massvis.mit.edu/}
319	postgraphics	2020 Census shows U.S. population grew at slowest pace since the 1930s	http://massvis.mit.edu/	{'id':319,'eg_title':2020 Census shows U.S. population grew at slowest pace since the 1930s,'eg_source':postgraphics,'eg_link':http://massvis.mit.edu/}
320	postgraphics	Here��s just how unequal the global coronavirus vaccine rollout has been	http://massvis.mit.edu/	{'id':320,'eg_title':Here��s just how unequal the global coronavirus vaccine rollout has been,'eg_source':postgraphics,'eg_link':http://massvis.mit.edu/}
321	postgraphics	India's Covid Surge is Bringing its  Healthcare system to the Brink	http://massvis.mit.edu/	{'id':321,'eg_title':India's Covid Surge is Bringing its  Healthcare system to the Brink,'eg_source':postgraphics,'eg_link':http://massvis.mit.edu/}
322	postgraphics	Weekday Rail Commuting Peaks Soften Amid the Pandemic	http://massvis.mit.edu/	{'id':322,'eg_title':Weekday Rail Commuting Peaks Soften Amid the Pandemic,'eg_source':postgraphics,'eg_link':http://massvis.mit.edu/}
323	postgraphics	Smallest Ridership in Predominantly Black and Hispanic Communities	http://massvis.mit.edu/	{'id':323,'eg_title':Smallest Ridership in Predominantly Black and Hispanic Communities,'eg_source':postgraphics,'eg_link':http://massvis.mit.edu/}
324	postgraphics	Decline in Ridership on Metrorail	http://massvis.mit.edu/	{'id':324,'eg_title':Decline in Ridership on Metrorail,'eg_source':postgraphics,'eg_link':http://massvis.mit.edu/}
325	postgraphics	Biden's Circuit Court Nominees	http://massvis.mit.edu/	{'id':325,'eg_title':Biden's Circuit Court Nominees,'eg_source':postgraphics,'eg_link':http://massvis.mit.edu/}
326	postgraphics	Vessel Traffic at the Sues Canal After Blockage	http://massvis.mit.edu/	{'id':326,'eg_title':Vessel Traffic at the Sues Canal After Blockage,'eg_source':postgraphics,'eg_link':http://massvis.mit.edu/}
327	postgraphics	Unaccompanied Minors in HHS Custody by Month	http://massvis.mit.edu/	{'id':327,'eg_title':Unaccompanied Minors in HHS Custody by Month,'eg_source':postgraphics,'eg_link':http://massvis.mit.edu/}
328	postgraphics	Russia, Turkey Are Sending Fighters and Weapons into Libya, Dashing Hopes For Freedom and Democracy Prompted by Arab Spring	http://massvis.mit.edu/	{'id':328,'eg_title':Russia, Turkey Are Sending Fighters and Weapons into Libya, Dashing Hopes For Freedom and Democracy Prompted by Arab Spring,'eg_source':postgraphics,'eg_link':http://massvis.mit.edu/}
329	postgraphics	500,000 Coronavirus Deaths Visualized: A Number Almost Too Large to Grasp	http://massvis.mit.edu/	{'id':329,'eg_title':500,000 Coronavirus Deaths Visualized: A Number Almost Too Large to Grasp,'eg_source':postgraphics,'eg_link':http://massvis.mit.edu/}
330	postgraphics	Who talked the most during Trump��s second impeachment trial	http://massvis.mit.edu/	{'id':330,'eg_title':Who talked the most during Trump��s second impeachment trial,'eg_source':postgraphics,'eg_link':http://massvis.mit.edu/}
331	postgraphics	Biden Cabinet Secretaries' Comfirmation So Far	http://massvis.mit.edu/	{'id':331,'eg_title':Biden Cabinet Secretaries' Comfirmation So Far,'eg_source':postgraphics,'eg_link':http://massvis.mit.edu/}
332	postgraphics	Mexico's Disappeared Since 2006	http://massvis.mit.edu/	{'id':332,'eg_title':Mexico's Disappeared Since 2006,'eg_source':postgraphics,'eg_link':http://massvis.mit.edu/}
333	postgraphics	Counties Where Turnout Increased At Least Seven Percentage Points	http://massvis.mit.edu/	{'id':333,'eg_title':Counties Where Turnout Increased At Least Seven Percentage Points,'eg_source':postgraphics,'eg_link':http://massvis.mit.edu/}
334	postgraphics	20 million Americans didn��t vote in 2016��s closest battlegrounds	http://massvis.mit.edu/	{'id':334,'eg_title':20 million Americans didn��t vote in 2016��s closest battlegrounds,'eg_source':postgraphics,'eg_link':http://massvis.mit.edu/}
335	postgraphics	Segregated from opportunity	http://massvis.mit.edu/	{'id':335,'eg_title':Segregated from opportunity,'eg_source':postgraphics,'eg_link':http://massvis.mit.edu/}
336	postgraphics	Major Remittance Flows Across the Globe	http://massvis.mit.edu/	{'id':336,'eg_title':Major Remittance Flows Across the Globe,'eg_source':postgraphics,'eg_link':http://massvis.mit.edu/}
337	postgraphics	Major Remittance Flows to India in 2019	http://massvis.mit.edu/	{'id':337,'eg_title':Major Remittance Flows to India in 2019,'eg_source':postgraphics,'eg_link':http://massvis.mit.edu/}
338	postgraphics	The volume has been turned up on everything��: Pandemic places alarming pressure on transgender mental health	http://massvis.mit.edu/	{'id':338,'eg_title':The volume has been turned up on everything��: Pandemic places alarming pressure on transgender mental health,'eg_source':postgraphics,'eg_link':http://massvis.mit.edu/}
339	postgraphics	Covid-19's Toll Felt Around The Country as Deaths Reach 150,000	http://massvis.mit.edu/	{'id':339,'eg_title':Covid-19's Toll Felt Around The Country as Deaths Reach 150,000,'eg_source':postgraphics,'eg_link':http://massvis.mit.edu/}
340	postgraphics	Covid-19 Continues to Cause 1 out of Every 5 Deaths Among Hispanic and Native Americans	http://massvis.mit.edu/	{'id':340,'eg_title':Covid-19 Continues to Cause 1 out of Every 5 Deaths Among Hispanic and Native Americans,'eg_source':postgraphics,'eg_link':http://massvis.mit.edu/}
341	postgraphics	Spike Protein Mutation Takes Over	http://massvis.mit.edu/	{'id':341,'eg_title':Spike Protein Mutation Takes Over,'eg_source':postgraphics,'eg_link':http://massvis.mit.edu/}
342	postgraphics	Where Cases Are Spiking	http://massvis.mit.edu/	{'id':342,'eg_title':Where Cases Are Spiking,'eg_source':postgraphics,'eg_link':http://massvis.mit.edu/}
343	visme	Marketing Budget	http://massvis.mit.edu/	{'id':343,'eg_title':Marketing Budget,'eg_source':visme,'eg_link':http://massvis.mit.edu/}
344	visme	Computer Sales	http://massvis.mit.edu/	{'id':344,'eg_title':Computer Sales,'eg_source':visme,'eg_link':http://massvis.mit.edu/}
345	visme	Website Visitor Trend	http://massvis.mit.edu/	{'id':345,'eg_title':Website Visitor Trend,'eg_source':visme,'eg_link':http://massvis.mit.edu/}
346	infogram	Gunnison Valley Economic Recovery Dashboard	http://massvis.mit.edu/	{'id':346,'eg_title':Gunnison Valley Economic Recovery Dashboard,'eg_source':infogram,'eg_link':http://massvis.mit.edu/}
347	infogram	Gunnison Valley Economic Recovery Dashboard	http://massvis.mit.edu/	{'id':347,'eg_title':Gunnison Valley Economic Recovery Dashboard,'eg_source':infogram,'eg_link':http://massvis.mit.edu/}
348	infogram	Gunnison Valley Economic Recovery Dashboard	http://massvis.mit.edu/	{'id':348,'eg_title':Gunnison Valley Economic Recovery Dashboard,'eg_source':infogram,'eg_link':http://massvis.mit.edu/}
349	infogram	Statsministerens nytt?rstale	http://massvis.mit.edu/	{'id':349,'eg_title':Statsministerens nytt?rstale,'eg_source':infogram,'eg_link':http://massvis.mit.edu/}
350	nyt	Japan's Low Vaccination Rate	http://massvis.mit.edu/	{'id':350,'eg_title':Japan's Low Vaccination Rate,'eg_source':nyt,'eg_link':http://massvis.mit.edu/}
351	nyt	A History of the Detainee Population	http://massvis.mit.edu/	{'id':351,'eg_title':A History of the Detainee Population,'eg_source':nyt,'eg_link':http://massvis.mit.edu/}
352	nyt	Propotion of Infrastructure and Family Plan	http://massvis.mit.edu/	{'id':352,'eg_title':Propotion of Infrastructure and Family Plan,'eg_source':nyt,'eg_link':http://massvis.mit.edu/}
353	nyt	Congressional Seats Awarded to Each State From the 2020 Cencus	http://massvis.mit.edu/	{'id':353,'eg_title':Congressional Seats Awarded to Each State From the 2020 Cencus,'eg_source':nyt,'eg_link':http://massvis.mit.edu/}
354	nyt	Breaking News: Gonzaga edged UCLA, 93-90, and will play Baylor for the national title	http://massvis.mit.edu/	{'id':354,'eg_title':Breaking News: Gonzaga edged UCLA, 93-90, and will play Baylor for the national title,'eg_source':nyt,'eg_link':http://massvis.mit.edu/}
355	propublica	How sports owners pay less taxes than athletes	http://massvis.mit.edu/	{'id':355,'eg_title':How sports owners pay less taxes than athletes,'eg_source':propublica,'eg_link':http://massvis.mit.edu/}
356	washingtonpost	How Big Tech got so big:Hundreds of acquisitions	http://massvis.mit.edu/	{'id':356,'eg_title':How Big Tech got so big:Hundreds of acquisitions,'eg_source':washingtonpost,'eg_link':http://massvis.mit.edu/}
357	flowingdata	A Diagram of All the Batteries	http://massvis.mit.edu/	{'id':357,'eg_title':A Diagram of All the Batteries,'eg_source':flowingdata,'eg_link':http://massvis.mit.edu/}
358	flowingdata	Most Common Family Types in America	http://massvis.mit.edu/	{'id':358,'eg_title':Most Common Family Types in America,'eg_source':flowingdata,'eg_link':http://massvis.mit.edu/}
359	flowingdata	Top Brewery Road Trip, Routed Algorithmically	http://massvis.mit.edu/	{'id':359,'eg_title':Top Brewery Road Trip, Routed Algorithmically,'eg_source':flowingdata,'eg_link':http://massvis.mit.edu/}
360	flowingdata	In search of food deserts	http://massvis.mit.edu/	{'id':360,'eg_title':In search of food deserts,'eg_source':flowingdata,'eg_link':http://massvis.mit.edu/}